/* נוצר אוטומטית ע"י tools/gen_unidata.py מתוך Python 3.13.12 (Unicode 15.1.0) — לא לערוך ביד */
static const struct { uint32_t cp; const char *s; } pd_upper_tab[] = {
  {0x61, "\x41"},
  {0x62, "\x42"},
  {0x63, "\x43"},
  {0x64, "\x44"},
  {0x65, "\x45"},
  {0x66, "\x46"},
  {0x67, "\x47"},
  {0x68, "\x48"},
  {0x69, "\x49"},
  {0x6A, "\x4a"},
  {0x6B, "\x4b"},
  {0x6C, "\x4c"},
  {0x6D, "\x4d"},
  {0x6E, "\x4e"},
  {0x6F, "\x4f"},
  {0x70, "\x50"},
  {0x71, "\x51"},
  {0x72, "\x52"},
  {0x73, "\x53"},
  {0x74, "\x54"},
  {0x75, "\x55"},
  {0x76, "\x56"},
  {0x77, "\x57"},
  {0x78, "\x58"},
  {0x79, "\x59"},
  {0x7A, "\x5a"},
  {0xB5, "\xce\x9c"},
  {0xDF, "\x53\x53"},
  {0xE0, "\xc3\x80"},
  {0xE1, "\xc3\x81"},
  {0xE2, "\xc3\x82"},
  {0xE3, "\xc3\x83"},
  {0xE4, "\xc3\x84"},
  {0xE5, "\xc3\x85"},
  {0xE6, "\xc3\x86"},
  {0xE7, "\xc3\x87"},
  {0xE8, "\xc3\x88"},
  {0xE9, "\xc3\x89"},
  {0xEA, "\xc3\x8a"},
  {0xEB, "\xc3\x8b"},
  {0xEC, "\xc3\x8c"},
  {0xED, "\xc3\x8d"},
  {0xEE, "\xc3\x8e"},
  {0xEF, "\xc3\x8f"},
  {0xF0, "\xc3\x90"},
  {0xF1, "\xc3\x91"},
  {0xF2, "\xc3\x92"},
  {0xF3, "\xc3\x93"},
  {0xF4, "\xc3\x94"},
  {0xF5, "\xc3\x95"},
  {0xF6, "\xc3\x96"},
  {0xF8, "\xc3\x98"},
  {0xF9, "\xc3\x99"},
  {0xFA, "\xc3\x9a"},
  {0xFB, "\xc3\x9b"},
  {0xFC, "\xc3\x9c"},
  {0xFD, "\xc3\x9d"},
  {0xFE, "\xc3\x9e"},
  {0xFF, "\xc5\xb8"},
  {0x101, "\xc4\x80"},
  {0x103, "\xc4\x82"},
  {0x105, "\xc4\x84"},
  {0x107, "\xc4\x86"},
  {0x109, "\xc4\x88"},
  {0x10B, "\xc4\x8a"},
  {0x10D, "\xc4\x8c"},
  {0x10F, "\xc4\x8e"},
  {0x111, "\xc4\x90"},
  {0x113, "\xc4\x92"},
  {0x115, "\xc4\x94"},
  {0x117, "\xc4\x96"},
  {0x119, "\xc4\x98"},
  {0x11B, "\xc4\x9a"},
  {0x11D, "\xc4\x9c"},
  {0x11F, "\xc4\x9e"},
  {0x121, "\xc4\xa0"},
  {0x123, "\xc4\xa2"},
  {0x125, "\xc4\xa4"},
  {0x127, "\xc4\xa6"},
  {0x129, "\xc4\xa8"},
  {0x12B, "\xc4\xaa"},
  {0x12D, "\xc4\xac"},
  {0x12F, "\xc4\xae"},
  {0x131, "\x49"},
  {0x133, "\xc4\xb2"},
  {0x135, "\xc4\xb4"},
  {0x137, "\xc4\xb6"},
  {0x13A, "\xc4\xb9"},
  {0x13C, "\xc4\xbb"},
  {0x13E, "\xc4\xbd"},
  {0x140, "\xc4\xbf"},
  {0x142, "\xc5\x81"},
  {0x144, "\xc5\x83"},
  {0x146, "\xc5\x85"},
  {0x148, "\xc5\x87"},
  {0x149, "\xca\xbc\x4e"},
  {0x14B, "\xc5\x8a"},
  {0x14D, "\xc5\x8c"},
  {0x14F, "\xc5\x8e"},
  {0x151, "\xc5\x90"},
  {0x153, "\xc5\x92"},
  {0x155, "\xc5\x94"},
  {0x157, "\xc5\x96"},
  {0x159, "\xc5\x98"},
  {0x15B, "\xc5\x9a"},
  {0x15D, "\xc5\x9c"},
  {0x15F, "\xc5\x9e"},
  {0x161, "\xc5\xa0"},
  {0x163, "\xc5\xa2"},
  {0x165, "\xc5\xa4"},
  {0x167, "\xc5\xa6"},
  {0x169, "\xc5\xa8"},
  {0x16B, "\xc5\xaa"},
  {0x16D, "\xc5\xac"},
  {0x16F, "\xc5\xae"},
  {0x171, "\xc5\xb0"},
  {0x173, "\xc5\xb2"},
  {0x175, "\xc5\xb4"},
  {0x177, "\xc5\xb6"},
  {0x17A, "\xc5\xb9"},
  {0x17C, "\xc5\xbb"},
  {0x17E, "\xc5\xbd"},
  {0x17F, "\x53"},
  {0x180, "\xc9\x83"},
  {0x183, "\xc6\x82"},
  {0x185, "\xc6\x84"},
  {0x188, "\xc6\x87"},
  {0x18C, "\xc6\x8b"},
  {0x192, "\xc6\x91"},
  {0x195, "\xc7\xb6"},
  {0x199, "\xc6\x98"},
  {0x19A, "\xc8\xbd"},
  {0x19E, "\xc8\xa0"},
  {0x1A1, "\xc6\xa0"},
  {0x1A3, "\xc6\xa2"},
  {0x1A5, "\xc6\xa4"},
  {0x1A8, "\xc6\xa7"},
  {0x1AD, "\xc6\xac"},
  {0x1B0, "\xc6\xaf"},
  {0x1B4, "\xc6\xb3"},
  {0x1B6, "\xc6\xb5"},
  {0x1B9, "\xc6\xb8"},
  {0x1BD, "\xc6\xbc"},
  {0x1BF, "\xc7\xb7"},
  {0x1C5, "\xc7\x84"},
  {0x1C6, "\xc7\x84"},
  {0x1C8, "\xc7\x87"},
  {0x1C9, "\xc7\x87"},
  {0x1CB, "\xc7\x8a"},
  {0x1CC, "\xc7\x8a"},
  {0x1CE, "\xc7\x8d"},
  {0x1D0, "\xc7\x8f"},
  {0x1D2, "\xc7\x91"},
  {0x1D4, "\xc7\x93"},
  {0x1D6, "\xc7\x95"},
  {0x1D8, "\xc7\x97"},
  {0x1DA, "\xc7\x99"},
  {0x1DC, "\xc7\x9b"},
  {0x1DD, "\xc6\x8e"},
  {0x1DF, "\xc7\x9e"},
  {0x1E1, "\xc7\xa0"},
  {0x1E3, "\xc7\xa2"},
  {0x1E5, "\xc7\xa4"},
  {0x1E7, "\xc7\xa6"},
  {0x1E9, "\xc7\xa8"},
  {0x1EB, "\xc7\xaa"},
  {0x1ED, "\xc7\xac"},
  {0x1EF, "\xc7\xae"},
  {0x1F0, "\x4a\xcc\x8c"},
  {0x1F2, "\xc7\xb1"},
  {0x1F3, "\xc7\xb1"},
  {0x1F5, "\xc7\xb4"},
  {0x1F9, "\xc7\xb8"},
  {0x1FB, "\xc7\xba"},
  {0x1FD, "\xc7\xbc"},
  {0x1FF, "\xc7\xbe"},
  {0x201, "\xc8\x80"},
  {0x203, "\xc8\x82"},
  {0x205, "\xc8\x84"},
  {0x207, "\xc8\x86"},
  {0x209, "\xc8\x88"},
  {0x20B, "\xc8\x8a"},
  {0x20D, "\xc8\x8c"},
  {0x20F, "\xc8\x8e"},
  {0x211, "\xc8\x90"},
  {0x213, "\xc8\x92"},
  {0x215, "\xc8\x94"},
  {0x217, "\xc8\x96"},
  {0x219, "\xc8\x98"},
  {0x21B, "\xc8\x9a"},
  {0x21D, "\xc8\x9c"},
  {0x21F, "\xc8\x9e"},
  {0x223, "\xc8\xa2"},
  {0x225, "\xc8\xa4"},
  {0x227, "\xc8\xa6"},
  {0x229, "\xc8\xa8"},
  {0x22B, "\xc8\xaa"},
  {0x22D, "\xc8\xac"},
  {0x22F, "\xc8\xae"},
  {0x231, "\xc8\xb0"},
  {0x233, "\xc8\xb2"},
  {0x23C, "\xc8\xbb"},
  {0x23F, "\xe2\xb1\xbe"},
  {0x240, "\xe2\xb1\xbf"},
  {0x242, "\xc9\x81"},
  {0x247, "\xc9\x86"},
  {0x249, "\xc9\x88"},
  {0x24B, "\xc9\x8a"},
  {0x24D, "\xc9\x8c"},
  {0x24F, "\xc9\x8e"},
  {0x250, "\xe2\xb1\xaf"},
  {0x251, "\xe2\xb1\xad"},
  {0x252, "\xe2\xb1\xb0"},
  {0x253, "\xc6\x81"},
  {0x254, "\xc6\x86"},
  {0x256, "\xc6\x89"},
  {0x257, "\xc6\x8a"},
  {0x259, "\xc6\x8f"},
  {0x25B, "\xc6\x90"},
  {0x25C, "\xea\x9e\xab"},
  {0x260, "\xc6\x93"},
  {0x261, "\xea\x9e\xac"},
  {0x263, "\xc6\x94"},
  {0x265, "\xea\x9e\x8d"},
  {0x266, "\xea\x9e\xaa"},
  {0x268, "\xc6\x97"},
  {0x269, "\xc6\x96"},
  {0x26A, "\xea\x9e\xae"},
  {0x26B, "\xe2\xb1\xa2"},
  {0x26C, "\xea\x9e\xad"},
  {0x26F, "\xc6\x9c"},
  {0x271, "\xe2\xb1\xae"},
  {0x272, "\xc6\x9d"},
  {0x275, "\xc6\x9f"},
  {0x27D, "\xe2\xb1\xa4"},
  {0x280, "\xc6\xa6"},
  {0x282, "\xea\x9f\x85"},
  {0x283, "\xc6\xa9"},
  {0x287, "\xea\x9e\xb1"},
  {0x288, "\xc6\xae"},
  {0x289, "\xc9\x84"},
  {0x28A, "\xc6\xb1"},
  {0x28B, "\xc6\xb2"},
  {0x28C, "\xc9\x85"},
  {0x292, "\xc6\xb7"},
  {0x29D, "\xea\x9e\xb2"},
  {0x29E, "\xea\x9e\xb0"},
  {0x345, "\xce\x99"},
  {0x371, "\xcd\xb0"},
  {0x373, "\xcd\xb2"},
  {0x377, "\xcd\xb6"},
  {0x37B, "\xcf\xbd"},
  {0x37C, "\xcf\xbe"},
  {0x37D, "\xcf\xbf"},
  {0x390, "\xce\x99\xcc\x88\xcc\x81"},
  {0x3AC, "\xce\x86"},
  {0x3AD, "\xce\x88"},
  {0x3AE, "\xce\x89"},
  {0x3AF, "\xce\x8a"},
  {0x3B0, "\xce\xa5\xcc\x88\xcc\x81"},
  {0x3B1, "\xce\x91"},
  {0x3B2, "\xce\x92"},
  {0x3B3, "\xce\x93"},
  {0x3B4, "\xce\x94"},
  {0x3B5, "\xce\x95"},
  {0x3B6, "\xce\x96"},
  {0x3B7, "\xce\x97"},
  {0x3B8, "\xce\x98"},
  {0x3B9, "\xce\x99"},
  {0x3BA, "\xce\x9a"},
  {0x3BB, "\xce\x9b"},
  {0x3BC, "\xce\x9c"},
  {0x3BD, "\xce\x9d"},
  {0x3BE, "\xce\x9e"},
  {0x3BF, "\xce\x9f"},
  {0x3C0, "\xce\xa0"},
  {0x3C1, "\xce\xa1"},
  {0x3C2, "\xce\xa3"},
  {0x3C3, "\xce\xa3"},
  {0x3C4, "\xce\xa4"},
  {0x3C5, "\xce\xa5"},
  {0x3C6, "\xce\xa6"},
  {0x3C7, "\xce\xa7"},
  {0x3C8, "\xce\xa8"},
  {0x3C9, "\xce\xa9"},
  {0x3CA, "\xce\xaa"},
  {0x3CB, "\xce\xab"},
  {0x3CC, "\xce\x8c"},
  {0x3CD, "\xce\x8e"},
  {0x3CE, "\xce\x8f"},
  {0x3D0, "\xce\x92"},
  {0x3D1, "\xce\x98"},
  {0x3D5, "\xce\xa6"},
  {0x3D6, "\xce\xa0"},
  {0x3D7, "\xcf\x8f"},
  {0x3D9, "\xcf\x98"},
  {0x3DB, "\xcf\x9a"},
  {0x3DD, "\xcf\x9c"},
  {0x3DF, "\xcf\x9e"},
  {0x3E1, "\xcf\xa0"},
  {0x3E3, "\xcf\xa2"},
  {0x3E5, "\xcf\xa4"},
  {0x3E7, "\xcf\xa6"},
  {0x3E9, "\xcf\xa8"},
  {0x3EB, "\xcf\xaa"},
  {0x3ED, "\xcf\xac"},
  {0x3EF, "\xcf\xae"},
  {0x3F0, "\xce\x9a"},
  {0x3F1, "\xce\xa1"},
  {0x3F2, "\xcf\xb9"},
  {0x3F3, "\xcd\xbf"},
  {0x3F5, "\xce\x95"},
  {0x3F8, "\xcf\xb7"},
  {0x3FB, "\xcf\xba"},
  {0x430, "\xd0\x90"},
  {0x431, "\xd0\x91"},
  {0x432, "\xd0\x92"},
  {0x433, "\xd0\x93"},
  {0x434, "\xd0\x94"},
  {0x435, "\xd0\x95"},
  {0x436, "\xd0\x96"},
  {0x437, "\xd0\x97"},
  {0x438, "\xd0\x98"},
  {0x439, "\xd0\x99"},
  {0x43A, "\xd0\x9a"},
  {0x43B, "\xd0\x9b"},
  {0x43C, "\xd0\x9c"},
  {0x43D, "\xd0\x9d"},
  {0x43E, "\xd0\x9e"},
  {0x43F, "\xd0\x9f"},
  {0x440, "\xd0\xa0"},
  {0x441, "\xd0\xa1"},
  {0x442, "\xd0\xa2"},
  {0x443, "\xd0\xa3"},
  {0x444, "\xd0\xa4"},
  {0x445, "\xd0\xa5"},
  {0x446, "\xd0\xa6"},
  {0x447, "\xd0\xa7"},
  {0x448, "\xd0\xa8"},
  {0x449, "\xd0\xa9"},
  {0x44A, "\xd0\xaa"},
  {0x44B, "\xd0\xab"},
  {0x44C, "\xd0\xac"},
  {0x44D, "\xd0\xad"},
  {0x44E, "\xd0\xae"},
  {0x44F, "\xd0\xaf"},
  {0x450, "\xd0\x80"},
  {0x451, "\xd0\x81"},
  {0x452, "\xd0\x82"},
  {0x453, "\xd0\x83"},
  {0x454, "\xd0\x84"},
  {0x455, "\xd0\x85"},
  {0x456, "\xd0\x86"},
  {0x457, "\xd0\x87"},
  {0x458, "\xd0\x88"},
  {0x459, "\xd0\x89"},
  {0x45A, "\xd0\x8a"},
  {0x45B, "\xd0\x8b"},
  {0x45C, "\xd0\x8c"},
  {0x45D, "\xd0\x8d"},
  {0x45E, "\xd0\x8e"},
  {0x45F, "\xd0\x8f"},
  {0x461, "\xd1\xa0"},
  {0x463, "\xd1\xa2"},
  {0x465, "\xd1\xa4"},
  {0x467, "\xd1\xa6"},
  {0x469, "\xd1\xa8"},
  {0x46B, "\xd1\xaa"},
  {0x46D, "\xd1\xac"},
  {0x46F, "\xd1\xae"},
  {0x471, "\xd1\xb0"},
  {0x473, "\xd1\xb2"},
  {0x475, "\xd1\xb4"},
  {0x477, "\xd1\xb6"},
  {0x479, "\xd1\xb8"},
  {0x47B, "\xd1\xba"},
  {0x47D, "\xd1\xbc"},
  {0x47F, "\xd1\xbe"},
  {0x481, "\xd2\x80"},
  {0x48B, "\xd2\x8a"},
  {0x48D, "\xd2\x8c"},
  {0x48F, "\xd2\x8e"},
  {0x491, "\xd2\x90"},
  {0x493, "\xd2\x92"},
  {0x495, "\xd2\x94"},
  {0x497, "\xd2\x96"},
  {0x499, "\xd2\x98"},
  {0x49B, "\xd2\x9a"},
  {0x49D, "\xd2\x9c"},
  {0x49F, "\xd2\x9e"},
  {0x4A1, "\xd2\xa0"},
  {0x4A3, "\xd2\xa2"},
  {0x4A5, "\xd2\xa4"},
  {0x4A7, "\xd2\xa6"},
  {0x4A9, "\xd2\xa8"},
  {0x4AB, "\xd2\xaa"},
  {0x4AD, "\xd2\xac"},
  {0x4AF, "\xd2\xae"},
  {0x4B1, "\xd2\xb0"},
  {0x4B3, "\xd2\xb2"},
  {0x4B5, "\xd2\xb4"},
  {0x4B7, "\xd2\xb6"},
  {0x4B9, "\xd2\xb8"},
  {0x4BB, "\xd2\xba"},
  {0x4BD, "\xd2\xbc"},
  {0x4BF, "\xd2\xbe"},
  {0x4C2, "\xd3\x81"},
  {0x4C4, "\xd3\x83"},
  {0x4C6, "\xd3\x85"},
  {0x4C8, "\xd3\x87"},
  {0x4CA, "\xd3\x89"},
  {0x4CC, "\xd3\x8b"},
  {0x4CE, "\xd3\x8d"},
  {0x4CF, "\xd3\x80"},
  {0x4D1, "\xd3\x90"},
  {0x4D3, "\xd3\x92"},
  {0x4D5, "\xd3\x94"},
  {0x4D7, "\xd3\x96"},
  {0x4D9, "\xd3\x98"},
  {0x4DB, "\xd3\x9a"},
  {0x4DD, "\xd3\x9c"},
  {0x4DF, "\xd3\x9e"},
  {0x4E1, "\xd3\xa0"},
  {0x4E3, "\xd3\xa2"},
  {0x4E5, "\xd3\xa4"},
  {0x4E7, "\xd3\xa6"},
  {0x4E9, "\xd3\xa8"},
  {0x4EB, "\xd3\xaa"},
  {0x4ED, "\xd3\xac"},
  {0x4EF, "\xd3\xae"},
  {0x4F1, "\xd3\xb0"},
  {0x4F3, "\xd3\xb2"},
  {0x4F5, "\xd3\xb4"},
  {0x4F7, "\xd3\xb6"},
  {0x4F9, "\xd3\xb8"},
  {0x4FB, "\xd3\xba"},
  {0x4FD, "\xd3\xbc"},
  {0x4FF, "\xd3\xbe"},
  {0x501, "\xd4\x80"},
  {0x503, "\xd4\x82"},
  {0x505, "\xd4\x84"},
  {0x507, "\xd4\x86"},
  {0x509, "\xd4\x88"},
  {0x50B, "\xd4\x8a"},
  {0x50D, "\xd4\x8c"},
  {0x50F, "\xd4\x8e"},
  {0x511, "\xd4\x90"},
  {0x513, "\xd4\x92"},
  {0x515, "\xd4\x94"},
  {0x517, "\xd4\x96"},
  {0x519, "\xd4\x98"},
  {0x51B, "\xd4\x9a"},
  {0x51D, "\xd4\x9c"},
  {0x51F, "\xd4\x9e"},
  {0x521, "\xd4\xa0"},
  {0x523, "\xd4\xa2"},
  {0x525, "\xd4\xa4"},
  {0x527, "\xd4\xa6"},
  {0x529, "\xd4\xa8"},
  {0x52B, "\xd4\xaa"},
  {0x52D, "\xd4\xac"},
  {0x52F, "\xd4\xae"},
  {0x561, "\xd4\xb1"},
  {0x562, "\xd4\xb2"},
  {0x563, "\xd4\xb3"},
  {0x564, "\xd4\xb4"},
  {0x565, "\xd4\xb5"},
  {0x566, "\xd4\xb6"},
  {0x567, "\xd4\xb7"},
  {0x568, "\xd4\xb8"},
  {0x569, "\xd4\xb9"},
  {0x56A, "\xd4\xba"},
  {0x56B, "\xd4\xbb"},
  {0x56C, "\xd4\xbc"},
  {0x56D, "\xd4\xbd"},
  {0x56E, "\xd4\xbe"},
  {0x56F, "\xd4\xbf"},
  {0x570, "\xd5\x80"},
  {0x571, "\xd5\x81"},
  {0x572, "\xd5\x82"},
  {0x573, "\xd5\x83"},
  {0x574, "\xd5\x84"},
  {0x575, "\xd5\x85"},
  {0x576, "\xd5\x86"},
  {0x577, "\xd5\x87"},
  {0x578, "\xd5\x88"},
  {0x579, "\xd5\x89"},
  {0x57A, "\xd5\x8a"},
  {0x57B, "\xd5\x8b"},
  {0x57C, "\xd5\x8c"},
  {0x57D, "\xd5\x8d"},
  {0x57E, "\xd5\x8e"},
  {0x57F, "\xd5\x8f"},
  {0x580, "\xd5\x90"},
  {0x581, "\xd5\x91"},
  {0x582, "\xd5\x92"},
  {0x583, "\xd5\x93"},
  {0x584, "\xd5\x94"},
  {0x585, "\xd5\x95"},
  {0x586, "\xd5\x96"},
  {0x587, "\xd4\xb5\xd5\x92"},
  {0x10D0, "\xe1\xb2\x90"},
  {0x10D1, "\xe1\xb2\x91"},
  {0x10D2, "\xe1\xb2\x92"},
  {0x10D3, "\xe1\xb2\x93"},
  {0x10D4, "\xe1\xb2\x94"},
  {0x10D5, "\xe1\xb2\x95"},
  {0x10D6, "\xe1\xb2\x96"},
  {0x10D7, "\xe1\xb2\x97"},
  {0x10D8, "\xe1\xb2\x98"},
  {0x10D9, "\xe1\xb2\x99"},
  {0x10DA, "\xe1\xb2\x9a"},
  {0x10DB, "\xe1\xb2\x9b"},
  {0x10DC, "\xe1\xb2\x9c"},
  {0x10DD, "\xe1\xb2\x9d"},
  {0x10DE, "\xe1\xb2\x9e"},
  {0x10DF, "\xe1\xb2\x9f"},
  {0x10E0, "\xe1\xb2\xa0"},
  {0x10E1, "\xe1\xb2\xa1"},
  {0x10E2, "\xe1\xb2\xa2"},
  {0x10E3, "\xe1\xb2\xa3"},
  {0x10E4, "\xe1\xb2\xa4"},
  {0x10E5, "\xe1\xb2\xa5"},
  {0x10E6, "\xe1\xb2\xa6"},
  {0x10E7, "\xe1\xb2\xa7"},
  {0x10E8, "\xe1\xb2\xa8"},
  {0x10E9, "\xe1\xb2\xa9"},
  {0x10EA, "\xe1\xb2\xaa"},
  {0x10EB, "\xe1\xb2\xab"},
  {0x10EC, "\xe1\xb2\xac"},
  {0x10ED, "\xe1\xb2\xad"},
  {0x10EE, "\xe1\xb2\xae"},
  {0x10EF, "\xe1\xb2\xaf"},
  {0x10F0, "\xe1\xb2\xb0"},
  {0x10F1, "\xe1\xb2\xb1"},
  {0x10F2, "\xe1\xb2\xb2"},
  {0x10F3, "\xe1\xb2\xb3"},
  {0x10F4, "\xe1\xb2\xb4"},
  {0x10F5, "\xe1\xb2\xb5"},
  {0x10F6, "\xe1\xb2\xb6"},
  {0x10F7, "\xe1\xb2\xb7"},
  {0x10F8, "\xe1\xb2\xb8"},
  {0x10F9, "\xe1\xb2\xb9"},
  {0x10FA, "\xe1\xb2\xba"},
  {0x10FD, "\xe1\xb2\xbd"},
  {0x10FE, "\xe1\xb2\xbe"},
  {0x10FF, "\xe1\xb2\xbf"},
  {0x13F8, "\xe1\x8f\xb0"},
  {0x13F9, "\xe1\x8f\xb1"},
  {0x13FA, "\xe1\x8f\xb2"},
  {0x13FB, "\xe1\x8f\xb3"},
  {0x13FC, "\xe1\x8f\xb4"},
  {0x13FD, "\xe1\x8f\xb5"},
  {0x1C80, "\xd0\x92"},
  {0x1C81, "\xd0\x94"},
  {0x1C82, "\xd0\x9e"},
  {0x1C83, "\xd0\xa1"},
  {0x1C84, "\xd0\xa2"},
  {0x1C85, "\xd0\xa2"},
  {0x1C86, "\xd0\xaa"},
  {0x1C87, "\xd1\xa2"},
  {0x1C88, "\xea\x99\x8a"},
  {0x1D79, "\xea\x9d\xbd"},
  {0x1D7D, "\xe2\xb1\xa3"},
  {0x1D8E, "\xea\x9f\x86"},
  {0x1E01, "\xe1\xb8\x80"},
  {0x1E03, "\xe1\xb8\x82"},
  {0x1E05, "\xe1\xb8\x84"},
  {0x1E07, "\xe1\xb8\x86"},
  {0x1E09, "\xe1\xb8\x88"},
  {0x1E0B, "\xe1\xb8\x8a"},
  {0x1E0D, "\xe1\xb8\x8c"},
  {0x1E0F, "\xe1\xb8\x8e"},
  {0x1E11, "\xe1\xb8\x90"},
  {0x1E13, "\xe1\xb8\x92"},
  {0x1E15, "\xe1\xb8\x94"},
  {0x1E17, "\xe1\xb8\x96"},
  {0x1E19, "\xe1\xb8\x98"},
  {0x1E1B, "\xe1\xb8\x9a"},
  {0x1E1D, "\xe1\xb8\x9c"},
  {0x1E1F, "\xe1\xb8\x9e"},
  {0x1E21, "\xe1\xb8\xa0"},
  {0x1E23, "\xe1\xb8\xa2"},
  {0x1E25, "\xe1\xb8\xa4"},
  {0x1E27, "\xe1\xb8\xa6"},
  {0x1E29, "\xe1\xb8\xa8"},
  {0x1E2B, "\xe1\xb8\xaa"},
  {0x1E2D, "\xe1\xb8\xac"},
  {0x1E2F, "\xe1\xb8\xae"},
  {0x1E31, "\xe1\xb8\xb0"},
  {0x1E33, "\xe1\xb8\xb2"},
  {0x1E35, "\xe1\xb8\xb4"},
  {0x1E37, "\xe1\xb8\xb6"},
  {0x1E39, "\xe1\xb8\xb8"},
  {0x1E3B, "\xe1\xb8\xba"},
  {0x1E3D, "\xe1\xb8\xbc"},
  {0x1E3F, "\xe1\xb8\xbe"},
  {0x1E41, "\xe1\xb9\x80"},
  {0x1E43, "\xe1\xb9\x82"},
  {0x1E45, "\xe1\xb9\x84"},
  {0x1E47, "\xe1\xb9\x86"},
  {0x1E49, "\xe1\xb9\x88"},
  {0x1E4B, "\xe1\xb9\x8a"},
  {0x1E4D, "\xe1\xb9\x8c"},
  {0x1E4F, "\xe1\xb9\x8e"},
  {0x1E51, "\xe1\xb9\x90"},
  {0x1E53, "\xe1\xb9\x92"},
  {0x1E55, "\xe1\xb9\x94"},
  {0x1E57, "\xe1\xb9\x96"},
  {0x1E59, "\xe1\xb9\x98"},
  {0x1E5B, "\xe1\xb9\x9a"},
  {0x1E5D, "\xe1\xb9\x9c"},
  {0x1E5F, "\xe1\xb9\x9e"},
  {0x1E61, "\xe1\xb9\xa0"},
  {0x1E63, "\xe1\xb9\xa2"},
  {0x1E65, "\xe1\xb9\xa4"},
  {0x1E67, "\xe1\xb9\xa6"},
  {0x1E69, "\xe1\xb9\xa8"},
  {0x1E6B, "\xe1\xb9\xaa"},
  {0x1E6D, "\xe1\xb9\xac"},
  {0x1E6F, "\xe1\xb9\xae"},
  {0x1E71, "\xe1\xb9\xb0"},
  {0x1E73, "\xe1\xb9\xb2"},
  {0x1E75, "\xe1\xb9\xb4"},
  {0x1E77, "\xe1\xb9\xb6"},
  {0x1E79, "\xe1\xb9\xb8"},
  {0x1E7B, "\xe1\xb9\xba"},
  {0x1E7D, "\xe1\xb9\xbc"},
  {0x1E7F, "\xe1\xb9\xbe"},
  {0x1E81, "\xe1\xba\x80"},
  {0x1E83, "\xe1\xba\x82"},
  {0x1E85, "\xe1\xba\x84"},
  {0x1E87, "\xe1\xba\x86"},
  {0x1E89, "\xe1\xba\x88"},
  {0x1E8B, "\xe1\xba\x8a"},
  {0x1E8D, "\xe1\xba\x8c"},
  {0x1E8F, "\xe1\xba\x8e"},
  {0x1E91, "\xe1\xba\x90"},
  {0x1E93, "\xe1\xba\x92"},
  {0x1E95, "\xe1\xba\x94"},
  {0x1E96, "\x48\xcc\xb1"},
  {0x1E97, "\x54\xcc\x88"},
  {0x1E98, "\x57\xcc\x8a"},
  {0x1E99, "\x59\xcc\x8a"},
  {0x1E9A, "\x41\xca\xbe"},
  {0x1E9B, "\xe1\xb9\xa0"},
  {0x1EA1, "\xe1\xba\xa0"},
  {0x1EA3, "\xe1\xba\xa2"},
  {0x1EA5, "\xe1\xba\xa4"},
  {0x1EA7, "\xe1\xba\xa6"},
  {0x1EA9, "\xe1\xba\xa8"},
  {0x1EAB, "\xe1\xba\xaa"},
  {0x1EAD, "\xe1\xba\xac"},
  {0x1EAF, "\xe1\xba\xae"},
  {0x1EB1, "\xe1\xba\xb0"},
  {0x1EB3, "\xe1\xba\xb2"},
  {0x1EB5, "\xe1\xba\xb4"},
  {0x1EB7, "\xe1\xba\xb6"},
  {0x1EB9, "\xe1\xba\xb8"},
  {0x1EBB, "\xe1\xba\xba"},
  {0x1EBD, "\xe1\xba\xbc"},
  {0x1EBF, "\xe1\xba\xbe"},
  {0x1EC1, "\xe1\xbb\x80"},
  {0x1EC3, "\xe1\xbb\x82"},
  {0x1EC5, "\xe1\xbb\x84"},
  {0x1EC7, "\xe1\xbb\x86"},
  {0x1EC9, "\xe1\xbb\x88"},
  {0x1ECB, "\xe1\xbb\x8a"},
  {0x1ECD, "\xe1\xbb\x8c"},
  {0x1ECF, "\xe1\xbb\x8e"},
  {0x1ED1, "\xe1\xbb\x90"},
  {0x1ED3, "\xe1\xbb\x92"},
  {0x1ED5, "\xe1\xbb\x94"},
  {0x1ED7, "\xe1\xbb\x96"},
  {0x1ED9, "\xe1\xbb\x98"},
  {0x1EDB, "\xe1\xbb\x9a"},
  {0x1EDD, "\xe1\xbb\x9c"},
  {0x1EDF, "\xe1\xbb\x9e"},
  {0x1EE1, "\xe1\xbb\xa0"},
  {0x1EE3, "\xe1\xbb\xa2"},
  {0x1EE5, "\xe1\xbb\xa4"},
  {0x1EE7, "\xe1\xbb\xa6"},
  {0x1EE9, "\xe1\xbb\xa8"},
  {0x1EEB, "\xe1\xbb\xaa"},
  {0x1EED, "\xe1\xbb\xac"},
  {0x1EEF, "\xe1\xbb\xae"},
  {0x1EF1, "\xe1\xbb\xb0"},
  {0x1EF3, "\xe1\xbb\xb2"},
  {0x1EF5, "\xe1\xbb\xb4"},
  {0x1EF7, "\xe1\xbb\xb6"},
  {0x1EF9, "\xe1\xbb\xb8"},
  {0x1EFB, "\xe1\xbb\xba"},
  {0x1EFD, "\xe1\xbb\xbc"},
  {0x1EFF, "\xe1\xbb\xbe"},
  {0x1F00, "\xe1\xbc\x88"},
  {0x1F01, "\xe1\xbc\x89"},
  {0x1F02, "\xe1\xbc\x8a"},
  {0x1F03, "\xe1\xbc\x8b"},
  {0x1F04, "\xe1\xbc\x8c"},
  {0x1F05, "\xe1\xbc\x8d"},
  {0x1F06, "\xe1\xbc\x8e"},
  {0x1F07, "\xe1\xbc\x8f"},
  {0x1F10, "\xe1\xbc\x98"},
  {0x1F11, "\xe1\xbc\x99"},
  {0x1F12, "\xe1\xbc\x9a"},
  {0x1F13, "\xe1\xbc\x9b"},
  {0x1F14, "\xe1\xbc\x9c"},
  {0x1F15, "\xe1\xbc\x9d"},
  {0x1F20, "\xe1\xbc\xa8"},
  {0x1F21, "\xe1\xbc\xa9"},
  {0x1F22, "\xe1\xbc\xaa"},
  {0x1F23, "\xe1\xbc\xab"},
  {0x1F24, "\xe1\xbc\xac"},
  {0x1F25, "\xe1\xbc\xad"},
  {0x1F26, "\xe1\xbc\xae"},
  {0x1F27, "\xe1\xbc\xaf"},
  {0x1F30, "\xe1\xbc\xb8"},
  {0x1F31, "\xe1\xbc\xb9"},
  {0x1F32, "\xe1\xbc\xba"},
  {0x1F33, "\xe1\xbc\xbb"},
  {0x1F34, "\xe1\xbc\xbc"},
  {0x1F35, "\xe1\xbc\xbd"},
  {0x1F36, "\xe1\xbc\xbe"},
  {0x1F37, "\xe1\xbc\xbf"},
  {0x1F40, "\xe1\xbd\x88"},
  {0x1F41, "\xe1\xbd\x89"},
  {0x1F42, "\xe1\xbd\x8a"},
  {0x1F43, "\xe1\xbd\x8b"},
  {0x1F44, "\xe1\xbd\x8c"},
  {0x1F45, "\xe1\xbd\x8d"},
  {0x1F50, "\xce\xa5\xcc\x93"},
  {0x1F51, "\xe1\xbd\x99"},
  {0x1F52, "\xce\xa5\xcc\x93\xcc\x80"},
  {0x1F53, "\xe1\xbd\x9b"},
  {0x1F54, "\xce\xa5\xcc\x93\xcc\x81"},
  {0x1F55, "\xe1\xbd\x9d"},
  {0x1F56, "\xce\xa5\xcc\x93\xcd\x82"},
  {0x1F57, "\xe1\xbd\x9f"},
  {0x1F60, "\xe1\xbd\xa8"},
  {0x1F61, "\xe1\xbd\xa9"},
  {0x1F62, "\xe1\xbd\xaa"},
  {0x1F63, "\xe1\xbd\xab"},
  {0x1F64, "\xe1\xbd\xac"},
  {0x1F65, "\xe1\xbd\xad"},
  {0x1F66, "\xe1\xbd\xae"},
  {0x1F67, "\xe1\xbd\xaf"},
  {0x1F70, "\xe1\xbe\xba"},
  {0x1F71, "\xe1\xbe\xbb"},
  {0x1F72, "\xe1\xbf\x88"},
  {0x1F73, "\xe1\xbf\x89"},
  {0x1F74, "\xe1\xbf\x8a"},
  {0x1F75, "\xe1\xbf\x8b"},
  {0x1F76, "\xe1\xbf\x9a"},
  {0x1F77, "\xe1\xbf\x9b"},
  {0x1F78, "\xe1\xbf\xb8"},
  {0x1F79, "\xe1\xbf\xb9"},
  {0x1F7A, "\xe1\xbf\xaa"},
  {0x1F7B, "\xe1\xbf\xab"},
  {0x1F7C, "\xe1\xbf\xba"},
  {0x1F7D, "\xe1\xbf\xbb"},
  {0x1F80, "\xe1\xbc\x88\xce\x99"},
  {0x1F81, "\xe1\xbc\x89\xce\x99"},
  {0x1F82, "\xe1\xbc\x8a\xce\x99"},
  {0x1F83, "\xe1\xbc\x8b\xce\x99"},
  {0x1F84, "\xe1\xbc\x8c\xce\x99"},
  {0x1F85, "\xe1\xbc\x8d\xce\x99"},
  {0x1F86, "\xe1\xbc\x8e\xce\x99"},
  {0x1F87, "\xe1\xbc\x8f\xce\x99"},
  {0x1F88, "\xe1\xbc\x88\xce\x99"},
  {0x1F89, "\xe1\xbc\x89\xce\x99"},
  {0x1F8A, "\xe1\xbc\x8a\xce\x99"},
  {0x1F8B, "\xe1\xbc\x8b\xce\x99"},
  {0x1F8C, "\xe1\xbc\x8c\xce\x99"},
  {0x1F8D, "\xe1\xbc\x8d\xce\x99"},
  {0x1F8E, "\xe1\xbc\x8e\xce\x99"},
  {0x1F8F, "\xe1\xbc\x8f\xce\x99"},
  {0x1F90, "\xe1\xbc\xa8\xce\x99"},
  {0x1F91, "\xe1\xbc\xa9\xce\x99"},
  {0x1F92, "\xe1\xbc\xaa\xce\x99"},
  {0x1F93, "\xe1\xbc\xab\xce\x99"},
  {0x1F94, "\xe1\xbc\xac\xce\x99"},
  {0x1F95, "\xe1\xbc\xad\xce\x99"},
  {0x1F96, "\xe1\xbc\xae\xce\x99"},
  {0x1F97, "\xe1\xbc\xaf\xce\x99"},
  {0x1F98, "\xe1\xbc\xa8\xce\x99"},
  {0x1F99, "\xe1\xbc\xa9\xce\x99"},
  {0x1F9A, "\xe1\xbc\xaa\xce\x99"},
  {0x1F9B, "\xe1\xbc\xab\xce\x99"},
  {0x1F9C, "\xe1\xbc\xac\xce\x99"},
  {0x1F9D, "\xe1\xbc\xad\xce\x99"},
  {0x1F9E, "\xe1\xbc\xae\xce\x99"},
  {0x1F9F, "\xe1\xbc\xaf\xce\x99"},
  {0x1FA0, "\xe1\xbd\xa8\xce\x99"},
  {0x1FA1, "\xe1\xbd\xa9\xce\x99"},
  {0x1FA2, "\xe1\xbd\xaa\xce\x99"},
  {0x1FA3, "\xe1\xbd\xab\xce\x99"},
  {0x1FA4, "\xe1\xbd\xac\xce\x99"},
  {0x1FA5, "\xe1\xbd\xad\xce\x99"},
  {0x1FA6, "\xe1\xbd\xae\xce\x99"},
  {0x1FA7, "\xe1\xbd\xaf\xce\x99"},
  {0x1FA8, "\xe1\xbd\xa8\xce\x99"},
  {0x1FA9, "\xe1\xbd\xa9\xce\x99"},
  {0x1FAA, "\xe1\xbd\xaa\xce\x99"},
  {0x1FAB, "\xe1\xbd\xab\xce\x99"},
  {0x1FAC, "\xe1\xbd\xac\xce\x99"},
  {0x1FAD, "\xe1\xbd\xad\xce\x99"},
  {0x1FAE, "\xe1\xbd\xae\xce\x99"},
  {0x1FAF, "\xe1\xbd\xaf\xce\x99"},
  {0x1FB0, "\xe1\xbe\xb8"},
  {0x1FB1, "\xe1\xbe\xb9"},
  {0x1FB2, "\xe1\xbe\xba\xce\x99"},
  {0x1FB3, "\xce\x91\xce\x99"},
  {0x1FB4, "\xce\x86\xce\x99"},
  {0x1FB6, "\xce\x91\xcd\x82"},
  {0x1FB7, "\xce\x91\xcd\x82\xce\x99"},
  {0x1FBC, "\xce\x91\xce\x99"},
  {0x1FBE, "\xce\x99"},
  {0x1FC2, "\xe1\xbf\x8a\xce\x99"},
  {0x1FC3, "\xce\x97\xce\x99"},
  {0x1FC4, "\xce\x89\xce\x99"},
  {0x1FC6, "\xce\x97\xcd\x82"},
  {0x1FC7, "\xce\x97\xcd\x82\xce\x99"},
  {0x1FCC, "\xce\x97\xce\x99"},
  {0x1FD0, "\xe1\xbf\x98"},
  {0x1FD1, "\xe1\xbf\x99"},
  {0x1FD2, "\xce\x99\xcc\x88\xcc\x80"},
  {0x1FD3, "\xce\x99\xcc\x88\xcc\x81"},
  {0x1FD6, "\xce\x99\xcd\x82"},
  {0x1FD7, "\xce\x99\xcc\x88\xcd\x82"},
  {0x1FE0, "\xe1\xbf\xa8"},
  {0x1FE1, "\xe1\xbf\xa9"},
  {0x1FE2, "\xce\xa5\xcc\x88\xcc\x80"},
  {0x1FE3, "\xce\xa5\xcc\x88\xcc\x81"},
  {0x1FE4, "\xce\xa1\xcc\x93"},
  {0x1FE5, "\xe1\xbf\xac"},
  {0x1FE6, "\xce\xa5\xcd\x82"},
  {0x1FE7, "\xce\xa5\xcc\x88\xcd\x82"},
  {0x1FF2, "\xe1\xbf\xba\xce\x99"},
  {0x1FF3, "\xce\xa9\xce\x99"},
  {0x1FF4, "\xce\x8f\xce\x99"},
  {0x1FF6, "\xce\xa9\xcd\x82"},
  {0x1FF7, "\xce\xa9\xcd\x82\xce\x99"},
  {0x1FFC, "\xce\xa9\xce\x99"},
  {0x214E, "\xe2\x84\xb2"},
  {0x2170, "\xe2\x85\xa0"},
  {0x2171, "\xe2\x85\xa1"},
  {0x2172, "\xe2\x85\xa2"},
  {0x2173, "\xe2\x85\xa3"},
  {0x2174, "\xe2\x85\xa4"},
  {0x2175, "\xe2\x85\xa5"},
  {0x2176, "\xe2\x85\xa6"},
  {0x2177, "\xe2\x85\xa7"},
  {0x2178, "\xe2\x85\xa8"},
  {0x2179, "\xe2\x85\xa9"},
  {0x217A, "\xe2\x85\xaa"},
  {0x217B, "\xe2\x85\xab"},
  {0x217C, "\xe2\x85\xac"},
  {0x217D, "\xe2\x85\xad"},
  {0x217E, "\xe2\x85\xae"},
  {0x217F, "\xe2\x85\xaf"},
  {0x2184, "\xe2\x86\x83"},
  {0x24D0, "\xe2\x92\xb6"},
  {0x24D1, "\xe2\x92\xb7"},
  {0x24D2, "\xe2\x92\xb8"},
  {0x24D3, "\xe2\x92\xb9"},
  {0x24D4, "\xe2\x92\xba"},
  {0x24D5, "\xe2\x92\xbb"},
  {0x24D6, "\xe2\x92\xbc"},
  {0x24D7, "\xe2\x92\xbd"},
  {0x24D8, "\xe2\x92\xbe"},
  {0x24D9, "\xe2\x92\xbf"},
  {0x24DA, "\xe2\x93\x80"},
  {0x24DB, "\xe2\x93\x81"},
  {0x24DC, "\xe2\x93\x82"},
  {0x24DD, "\xe2\x93\x83"},
  {0x24DE, "\xe2\x93\x84"},
  {0x24DF, "\xe2\x93\x85"},
  {0x24E0, "\xe2\x93\x86"},
  {0x24E1, "\xe2\x93\x87"},
  {0x24E2, "\xe2\x93\x88"},
  {0x24E3, "\xe2\x93\x89"},
  {0x24E4, "\xe2\x93\x8a"},
  {0x24E5, "\xe2\x93\x8b"},
  {0x24E6, "\xe2\x93\x8c"},
  {0x24E7, "\xe2\x93\x8d"},
  {0x24E8, "\xe2\x93\x8e"},
  {0x24E9, "\xe2\x93\x8f"},
  {0x2C30, "\xe2\xb0\x80"},
  {0x2C31, "\xe2\xb0\x81"},
  {0x2C32, "\xe2\xb0\x82"},
  {0x2C33, "\xe2\xb0\x83"},
  {0x2C34, "\xe2\xb0\x84"},
  {0x2C35, "\xe2\xb0\x85"},
  {0x2C36, "\xe2\xb0\x86"},
  {0x2C37, "\xe2\xb0\x87"},
  {0x2C38, "\xe2\xb0\x88"},
  {0x2C39, "\xe2\xb0\x89"},
  {0x2C3A, "\xe2\xb0\x8a"},
  {0x2C3B, "\xe2\xb0\x8b"},
  {0x2C3C, "\xe2\xb0\x8c"},
  {0x2C3D, "\xe2\xb0\x8d"},
  {0x2C3E, "\xe2\xb0\x8e"},
  {0x2C3F, "\xe2\xb0\x8f"},
  {0x2C40, "\xe2\xb0\x90"},
  {0x2C41, "\xe2\xb0\x91"},
  {0x2C42, "\xe2\xb0\x92"},
  {0x2C43, "\xe2\xb0\x93"},
  {0x2C44, "\xe2\xb0\x94"},
  {0x2C45, "\xe2\xb0\x95"},
  {0x2C46, "\xe2\xb0\x96"},
  {0x2C47, "\xe2\xb0\x97"},
  {0x2C48, "\xe2\xb0\x98"},
  {0x2C49, "\xe2\xb0\x99"},
  {0x2C4A, "\xe2\xb0\x9a"},
  {0x2C4B, "\xe2\xb0\x9b"},
  {0x2C4C, "\xe2\xb0\x9c"},
  {0x2C4D, "\xe2\xb0\x9d"},
  {0x2C4E, "\xe2\xb0\x9e"},
  {0x2C4F, "\xe2\xb0\x9f"},
  {0x2C50, "\xe2\xb0\xa0"},
  {0x2C51, "\xe2\xb0\xa1"},
  {0x2C52, "\xe2\xb0\xa2"},
  {0x2C53, "\xe2\xb0\xa3"},
  {0x2C54, "\xe2\xb0\xa4"},
  {0x2C55, "\xe2\xb0\xa5"},
  {0x2C56, "\xe2\xb0\xa6"},
  {0x2C57, "\xe2\xb0\xa7"},
  {0x2C58, "\xe2\xb0\xa8"},
  {0x2C59, "\xe2\xb0\xa9"},
  {0x2C5A, "\xe2\xb0\xaa"},
  {0x2C5B, "\xe2\xb0\xab"},
  {0x2C5C, "\xe2\xb0\xac"},
  {0x2C5D, "\xe2\xb0\xad"},
  {0x2C5E, "\xe2\xb0\xae"},
  {0x2C5F, "\xe2\xb0\xaf"},
  {0x2C61, "\xe2\xb1\xa0"},
  {0x2C65, "\xc8\xba"},
  {0x2C66, "\xc8\xbe"},
  {0x2C68, "\xe2\xb1\xa7"},
  {0x2C6A, "\xe2\xb1\xa9"},
  {0x2C6C, "\xe2\xb1\xab"},
  {0x2C73, "\xe2\xb1\xb2"},
  {0x2C76, "\xe2\xb1\xb5"},
  {0x2C81, "\xe2\xb2\x80"},
  {0x2C83, "\xe2\xb2\x82"},
  {0x2C85, "\xe2\xb2\x84"},
  {0x2C87, "\xe2\xb2\x86"},
  {0x2C89, "\xe2\xb2\x88"},
  {0x2C8B, "\xe2\xb2\x8a"},
  {0x2C8D, "\xe2\xb2\x8c"},
  {0x2C8F, "\xe2\xb2\x8e"},
  {0x2C91, "\xe2\xb2\x90"},
  {0x2C93, "\xe2\xb2\x92"},
  {0x2C95, "\xe2\xb2\x94"},
  {0x2C97, "\xe2\xb2\x96"},
  {0x2C99, "\xe2\xb2\x98"},
  {0x2C9B, "\xe2\xb2\x9a"},
  {0x2C9D, "\xe2\xb2\x9c"},
  {0x2C9F, "\xe2\xb2\x9e"},
  {0x2CA1, "\xe2\xb2\xa0"},
  {0x2CA3, "\xe2\xb2\xa2"},
  {0x2CA5, "\xe2\xb2\xa4"},
  {0x2CA7, "\xe2\xb2\xa6"},
  {0x2CA9, "\xe2\xb2\xa8"},
  {0x2CAB, "\xe2\xb2\xaa"},
  {0x2CAD, "\xe2\xb2\xac"},
  {0x2CAF, "\xe2\xb2\xae"},
  {0x2CB1, "\xe2\xb2\xb0"},
  {0x2CB3, "\xe2\xb2\xb2"},
  {0x2CB5, "\xe2\xb2\xb4"},
  {0x2CB7, "\xe2\xb2\xb6"},
  {0x2CB9, "\xe2\xb2\xb8"},
  {0x2CBB, "\xe2\xb2\xba"},
  {0x2CBD, "\xe2\xb2\xbc"},
  {0x2CBF, "\xe2\xb2\xbe"},
  {0x2CC1, "\xe2\xb3\x80"},
  {0x2CC3, "\xe2\xb3\x82"},
  {0x2CC5, "\xe2\xb3\x84"},
  {0x2CC7, "\xe2\xb3\x86"},
  {0x2CC9, "\xe2\xb3\x88"},
  {0x2CCB, "\xe2\xb3\x8a"},
  {0x2CCD, "\xe2\xb3\x8c"},
  {0x2CCF, "\xe2\xb3\x8e"},
  {0x2CD1, "\xe2\xb3\x90"},
  {0x2CD3, "\xe2\xb3\x92"},
  {0x2CD5, "\xe2\xb3\x94"},
  {0x2CD7, "\xe2\xb3\x96"},
  {0x2CD9, "\xe2\xb3\x98"},
  {0x2CDB, "\xe2\xb3\x9a"},
  {0x2CDD, "\xe2\xb3\x9c"},
  {0x2CDF, "\xe2\xb3\x9e"},
  {0x2CE1, "\xe2\xb3\xa0"},
  {0x2CE3, "\xe2\xb3\xa2"},
  {0x2CEC, "\xe2\xb3\xab"},
  {0x2CEE, "\xe2\xb3\xad"},
  {0x2CF3, "\xe2\xb3\xb2"},
  {0x2D00, "\xe1\x82\xa0"},
  {0x2D01, "\xe1\x82\xa1"},
  {0x2D02, "\xe1\x82\xa2"},
  {0x2D03, "\xe1\x82\xa3"},
  {0x2D04, "\xe1\x82\xa4"},
  {0x2D05, "\xe1\x82\xa5"},
  {0x2D06, "\xe1\x82\xa6"},
  {0x2D07, "\xe1\x82\xa7"},
  {0x2D08, "\xe1\x82\xa8"},
  {0x2D09, "\xe1\x82\xa9"},
  {0x2D0A, "\xe1\x82\xaa"},
  {0x2D0B, "\xe1\x82\xab"},
  {0x2D0C, "\xe1\x82\xac"},
  {0x2D0D, "\xe1\x82\xad"},
  {0x2D0E, "\xe1\x82\xae"},
  {0x2D0F, "\xe1\x82\xaf"},
  {0x2D10, "\xe1\x82\xb0"},
  {0x2D11, "\xe1\x82\xb1"},
  {0x2D12, "\xe1\x82\xb2"},
  {0x2D13, "\xe1\x82\xb3"},
  {0x2D14, "\xe1\x82\xb4"},
  {0x2D15, "\xe1\x82\xb5"},
  {0x2D16, "\xe1\x82\xb6"},
  {0x2D17, "\xe1\x82\xb7"},
  {0x2D18, "\xe1\x82\xb8"},
  {0x2D19, "\xe1\x82\xb9"},
  {0x2D1A, "\xe1\x82\xba"},
  {0x2D1B, "\xe1\x82\xbb"},
  {0x2D1C, "\xe1\x82\xbc"},
  {0x2D1D, "\xe1\x82\xbd"},
  {0x2D1E, "\xe1\x82\xbe"},
  {0x2D1F, "\xe1\x82\xbf"},
  {0x2D20, "\xe1\x83\x80"},
  {0x2D21, "\xe1\x83\x81"},
  {0x2D22, "\xe1\x83\x82"},
  {0x2D23, "\xe1\x83\x83"},
  {0x2D24, "\xe1\x83\x84"},
  {0x2D25, "\xe1\x83\x85"},
  {0x2D27, "\xe1\x83\x87"},
  {0x2D2D, "\xe1\x83\x8d"},
  {0xA641, "\xea\x99\x80"},
  {0xA643, "\xea\x99\x82"},
  {0xA645, "\xea\x99\x84"},
  {0xA647, "\xea\x99\x86"},
  {0xA649, "\xea\x99\x88"},
  {0xA64B, "\xea\x99\x8a"},
  {0xA64D, "\xea\x99\x8c"},
  {0xA64F, "\xea\x99\x8e"},
  {0xA651, "\xea\x99\x90"},
  {0xA653, "\xea\x99\x92"},
  {0xA655, "\xea\x99\x94"},
  {0xA657, "\xea\x99\x96"},
  {0xA659, "\xea\x99\x98"},
  {0xA65B, "\xea\x99\x9a"},
  {0xA65D, "\xea\x99\x9c"},
  {0xA65F, "\xea\x99\x9e"},
  {0xA661, "\xea\x99\xa0"},
  {0xA663, "\xea\x99\xa2"},
  {0xA665, "\xea\x99\xa4"},
  {0xA667, "\xea\x99\xa6"},
  {0xA669, "\xea\x99\xa8"},
  {0xA66B, "\xea\x99\xaa"},
  {0xA66D, "\xea\x99\xac"},
  {0xA681, "\xea\x9a\x80"},
  {0xA683, "\xea\x9a\x82"},
  {0xA685, "\xea\x9a\x84"},
  {0xA687, "\xea\x9a\x86"},
  {0xA689, "\xea\x9a\x88"},
  {0xA68B, "\xea\x9a\x8a"},
  {0xA68D, "\xea\x9a\x8c"},
  {0xA68F, "\xea\x9a\x8e"},
  {0xA691, "\xea\x9a\x90"},
  {0xA693, "\xea\x9a\x92"},
  {0xA695, "\xea\x9a\x94"},
  {0xA697, "\xea\x9a\x96"},
  {0xA699, "\xea\x9a\x98"},
  {0xA69B, "\xea\x9a\x9a"},
  {0xA723, "\xea\x9c\xa2"},
  {0xA725, "\xea\x9c\xa4"},
  {0xA727, "\xea\x9c\xa6"},
  {0xA729, "\xea\x9c\xa8"},
  {0xA72B, "\xea\x9c\xaa"},
  {0xA72D, "\xea\x9c\xac"},
  {0xA72F, "\xea\x9c\xae"},
  {0xA733, "\xea\x9c\xb2"},
  {0xA735, "\xea\x9c\xb4"},
  {0xA737, "\xea\x9c\xb6"},
  {0xA739, "\xea\x9c\xb8"},
  {0xA73B, "\xea\x9c\xba"},
  {0xA73D, "\xea\x9c\xbc"},
  {0xA73F, "\xea\x9c\xbe"},
  {0xA741, "\xea\x9d\x80"},
  {0xA743, "\xea\x9d\x82"},
  {0xA745, "\xea\x9d\x84"},
  {0xA747, "\xea\x9d\x86"},
  {0xA749, "\xea\x9d\x88"},
  {0xA74B, "\xea\x9d\x8a"},
  {0xA74D, "\xea\x9d\x8c"},
  {0xA74F, "\xea\x9d\x8e"},
  {0xA751, "\xea\x9d\x90"},
  {0xA753, "\xea\x9d\x92"},
  {0xA755, "\xea\x9d\x94"},
  {0xA757, "\xea\x9d\x96"},
  {0xA759, "\xea\x9d\x98"},
  {0xA75B, "\xea\x9d\x9a"},
  {0xA75D, "\xea\x9d\x9c"},
  {0xA75F, "\xea\x9d\x9e"},
  {0xA761, "\xea\x9d\xa0"},
  {0xA763, "\xea\x9d\xa2"},
  {0xA765, "\xea\x9d\xa4"},
  {0xA767, "\xea\x9d\xa6"},
  {0xA769, "\xea\x9d\xa8"},
  {0xA76B, "\xea\x9d\xaa"},
  {0xA76D, "\xea\x9d\xac"},
  {0xA76F, "\xea\x9d\xae"},
  {0xA77A, "\xea\x9d\xb9"},
  {0xA77C, "\xea\x9d\xbb"},
  {0xA77F, "\xea\x9d\xbe"},
  {0xA781, "\xea\x9e\x80"},
  {0xA783, "\xea\x9e\x82"},
  {0xA785, "\xea\x9e\x84"},
  {0xA787, "\xea\x9e\x86"},
  {0xA78C, "\xea\x9e\x8b"},
  {0xA791, "\xea\x9e\x90"},
  {0xA793, "\xea\x9e\x92"},
  {0xA794, "\xea\x9f\x84"},
  {0xA797, "\xea\x9e\x96"},
  {0xA799, "\xea\x9e\x98"},
  {0xA79B, "\xea\x9e\x9a"},
  {0xA79D, "\xea\x9e\x9c"},
  {0xA79F, "\xea\x9e\x9e"},
  {0xA7A1, "\xea\x9e\xa0"},
  {0xA7A3, "\xea\x9e\xa2"},
  {0xA7A5, "\xea\x9e\xa4"},
  {0xA7A7, "\xea\x9e\xa6"},
  {0xA7A9, "\xea\x9e\xa8"},
  {0xA7B5, "\xea\x9e\xb4"},
  {0xA7B7, "\xea\x9e\xb6"},
  {0xA7B9, "\xea\x9e\xb8"},
  {0xA7BB, "\xea\x9e\xba"},
  {0xA7BD, "\xea\x9e\xbc"},
  {0xA7BF, "\xea\x9e\xbe"},
  {0xA7C1, "\xea\x9f\x80"},
  {0xA7C3, "\xea\x9f\x82"},
  {0xA7C8, "\xea\x9f\x87"},
  {0xA7CA, "\xea\x9f\x89"},
  {0xA7D1, "\xea\x9f\x90"},
  {0xA7D7, "\xea\x9f\x96"},
  {0xA7D9, "\xea\x9f\x98"},
  {0xA7F6, "\xea\x9f\xb5"},
  {0xAB53, "\xea\x9e\xb3"},
  {0xAB70, "\xe1\x8e\xa0"},
  {0xAB71, "\xe1\x8e\xa1"},
  {0xAB72, "\xe1\x8e\xa2"},
  {0xAB73, "\xe1\x8e\xa3"},
  {0xAB74, "\xe1\x8e\xa4"},
  {0xAB75, "\xe1\x8e\xa5"},
  {0xAB76, "\xe1\x8e\xa6"},
  {0xAB77, "\xe1\x8e\xa7"},
  {0xAB78, "\xe1\x8e\xa8"},
  {0xAB79, "\xe1\x8e\xa9"},
  {0xAB7A, "\xe1\x8e\xaa"},
  {0xAB7B, "\xe1\x8e\xab"},
  {0xAB7C, "\xe1\x8e\xac"},
  {0xAB7D, "\xe1\x8e\xad"},
  {0xAB7E, "\xe1\x8e\xae"},
  {0xAB7F, "\xe1\x8e\xaf"},
  {0xAB80, "\xe1\x8e\xb0"},
  {0xAB81, "\xe1\x8e\xb1"},
  {0xAB82, "\xe1\x8e\xb2"},
  {0xAB83, "\xe1\x8e\xb3"},
  {0xAB84, "\xe1\x8e\xb4"},
  {0xAB85, "\xe1\x8e\xb5"},
  {0xAB86, "\xe1\x8e\xb6"},
  {0xAB87, "\xe1\x8e\xb7"},
  {0xAB88, "\xe1\x8e\xb8"},
  {0xAB89, "\xe1\x8e\xb9"},
  {0xAB8A, "\xe1\x8e\xba"},
  {0xAB8B, "\xe1\x8e\xbb"},
  {0xAB8C, "\xe1\x8e\xbc"},
  {0xAB8D, "\xe1\x8e\xbd"},
  {0xAB8E, "\xe1\x8e\xbe"},
  {0xAB8F, "\xe1\x8e\xbf"},
  {0xAB90, "\xe1\x8f\x80"},
  {0xAB91, "\xe1\x8f\x81"},
  {0xAB92, "\xe1\x8f\x82"},
  {0xAB93, "\xe1\x8f\x83"},
  {0xAB94, "\xe1\x8f\x84"},
  {0xAB95, "\xe1\x8f\x85"},
  {0xAB96, "\xe1\x8f\x86"},
  {0xAB97, "\xe1\x8f\x87"},
  {0xAB98, "\xe1\x8f\x88"},
  {0xAB99, "\xe1\x8f\x89"},
  {0xAB9A, "\xe1\x8f\x8a"},
  {0xAB9B, "\xe1\x8f\x8b"},
  {0xAB9C, "\xe1\x8f\x8c"},
  {0xAB9D, "\xe1\x8f\x8d"},
  {0xAB9E, "\xe1\x8f\x8e"},
  {0xAB9F, "\xe1\x8f\x8f"},
  {0xABA0, "\xe1\x8f\x90"},
  {0xABA1, "\xe1\x8f\x91"},
  {0xABA2, "\xe1\x8f\x92"},
  {0xABA3, "\xe1\x8f\x93"},
  {0xABA4, "\xe1\x8f\x94"},
  {0xABA5, "\xe1\x8f\x95"},
  {0xABA6, "\xe1\x8f\x96"},
  {0xABA7, "\xe1\x8f\x97"},
  {0xABA8, "\xe1\x8f\x98"},
  {0xABA9, "\xe1\x8f\x99"},
  {0xABAA, "\xe1\x8f\x9a"},
  {0xABAB, "\xe1\x8f\x9b"},
  {0xABAC, "\xe1\x8f\x9c"},
  {0xABAD, "\xe1\x8f\x9d"},
  {0xABAE, "\xe1\x8f\x9e"},
  {0xABAF, "\xe1\x8f\x9f"},
  {0xABB0, "\xe1\x8f\xa0"},
  {0xABB1, "\xe1\x8f\xa1"},
  {0xABB2, "\xe1\x8f\xa2"},
  {0xABB3, "\xe1\x8f\xa3"},
  {0xABB4, "\xe1\x8f\xa4"},
  {0xABB5, "\xe1\x8f\xa5"},
  {0xABB6, "\xe1\x8f\xa6"},
  {0xABB7, "\xe1\x8f\xa7"},
  {0xABB8, "\xe1\x8f\xa8"},
  {0xABB9, "\xe1\x8f\xa9"},
  {0xABBA, "\xe1\x8f\xaa"},
  {0xABBB, "\xe1\x8f\xab"},
  {0xABBC, "\xe1\x8f\xac"},
  {0xABBD, "\xe1\x8f\xad"},
  {0xABBE, "\xe1\x8f\xae"},
  {0xABBF, "\xe1\x8f\xaf"},
  {0xFB00, "\x46\x46"},
  {0xFB01, "\x46\x49"},
  {0xFB02, "\x46\x4c"},
  {0xFB03, "\x46\x46\x49"},
  {0xFB04, "\x46\x46\x4c"},
  {0xFB05, "\x53\x54"},
  {0xFB06, "\x53\x54"},
  {0xFB13, "\xd5\x84\xd5\x86"},
  {0xFB14, "\xd5\x84\xd4\xb5"},
  {0xFB15, "\xd5\x84\xd4\xbb"},
  {0xFB16, "\xd5\x8e\xd5\x86"},
  {0xFB17, "\xd5\x84\xd4\xbd"},
  {0xFF41, "\xef\xbc\xa1"},
  {0xFF42, "\xef\xbc\xa2"},
  {0xFF43, "\xef\xbc\xa3"},
  {0xFF44, "\xef\xbc\xa4"},
  {0xFF45, "\xef\xbc\xa5"},
  {0xFF46, "\xef\xbc\xa6"},
  {0xFF47, "\xef\xbc\xa7"},
  {0xFF48, "\xef\xbc\xa8"},
  {0xFF49, "\xef\xbc\xa9"},
  {0xFF4A, "\xef\xbc\xaa"},
  {0xFF4B, "\xef\xbc\xab"},
  {0xFF4C, "\xef\xbc\xac"},
  {0xFF4D, "\xef\xbc\xad"},
  {0xFF4E, "\xef\xbc\xae"},
  {0xFF4F, "\xef\xbc\xaf"},
  {0xFF50, "\xef\xbc\xb0"},
  {0xFF51, "\xef\xbc\xb1"},
  {0xFF52, "\xef\xbc\xb2"},
  {0xFF53, "\xef\xbc\xb3"},
  {0xFF54, "\xef\xbc\xb4"},
  {0xFF55, "\xef\xbc\xb5"},
  {0xFF56, "\xef\xbc\xb6"},
  {0xFF57, "\xef\xbc\xb7"},
  {0xFF58, "\xef\xbc\xb8"},
  {0xFF59, "\xef\xbc\xb9"},
  {0xFF5A, "\xef\xbc\xba"},
  {0x10428, "\xf0\x90\x90\x80"},
  {0x10429, "\xf0\x90\x90\x81"},
  {0x1042A, "\xf0\x90\x90\x82"},
  {0x1042B, "\xf0\x90\x90\x83"},
  {0x1042C, "\xf0\x90\x90\x84"},
  {0x1042D, "\xf0\x90\x90\x85"},
  {0x1042E, "\xf0\x90\x90\x86"},
  {0x1042F, "\xf0\x90\x90\x87"},
  {0x10430, "\xf0\x90\x90\x88"},
  {0x10431, "\xf0\x90\x90\x89"},
  {0x10432, "\xf0\x90\x90\x8a"},
  {0x10433, "\xf0\x90\x90\x8b"},
  {0x10434, "\xf0\x90\x90\x8c"},
  {0x10435, "\xf0\x90\x90\x8d"},
  {0x10436, "\xf0\x90\x90\x8e"},
  {0x10437, "\xf0\x90\x90\x8f"},
  {0x10438, "\xf0\x90\x90\x90"},
  {0x10439, "\xf0\x90\x90\x91"},
  {0x1043A, "\xf0\x90\x90\x92"},
  {0x1043B, "\xf0\x90\x90\x93"},
  {0x1043C, "\xf0\x90\x90\x94"},
  {0x1043D, "\xf0\x90\x90\x95"},
  {0x1043E, "\xf0\x90\x90\x96"},
  {0x1043F, "\xf0\x90\x90\x97"},
  {0x10440, "\xf0\x90\x90\x98"},
  {0x10441, "\xf0\x90\x90\x99"},
  {0x10442, "\xf0\x90\x90\x9a"},
  {0x10443, "\xf0\x90\x90\x9b"},
  {0x10444, "\xf0\x90\x90\x9c"},
  {0x10445, "\xf0\x90\x90\x9d"},
  {0x10446, "\xf0\x90\x90\x9e"},
  {0x10447, "\xf0\x90\x90\x9f"},
  {0x10448, "\xf0\x90\x90\xa0"},
  {0x10449, "\xf0\x90\x90\xa1"},
  {0x1044A, "\xf0\x90\x90\xa2"},
  {0x1044B, "\xf0\x90\x90\xa3"},
  {0x1044C, "\xf0\x90\x90\xa4"},
  {0x1044D, "\xf0\x90\x90\xa5"},
  {0x1044E, "\xf0\x90\x90\xa6"},
  {0x1044F, "\xf0\x90\x90\xa7"},
  {0x104D8, "\xf0\x90\x92\xb0"},
  {0x104D9, "\xf0\x90\x92\xb1"},
  {0x104DA, "\xf0\x90\x92\xb2"},
  {0x104DB, "\xf0\x90\x92\xb3"},
  {0x104DC, "\xf0\x90\x92\xb4"},
  {0x104DD, "\xf0\x90\x92\xb5"},
  {0x104DE, "\xf0\x90\x92\xb6"},
  {0x104DF, "\xf0\x90\x92\xb7"},
  {0x104E0, "\xf0\x90\x92\xb8"},
  {0x104E1, "\xf0\x90\x92\xb9"},
  {0x104E2, "\xf0\x90\x92\xba"},
  {0x104E3, "\xf0\x90\x92\xbb"},
  {0x104E4, "\xf0\x90\x92\xbc"},
  {0x104E5, "\xf0\x90\x92\xbd"},
  {0x104E6, "\xf0\x90\x92\xbe"},
  {0x104E7, "\xf0\x90\x92\xbf"},
  {0x104E8, "\xf0\x90\x93\x80"},
  {0x104E9, "\xf0\x90\x93\x81"},
  {0x104EA, "\xf0\x90\x93\x82"},
  {0x104EB, "\xf0\x90\x93\x83"},
  {0x104EC, "\xf0\x90\x93\x84"},
  {0x104ED, "\xf0\x90\x93\x85"},
  {0x104EE, "\xf0\x90\x93\x86"},
  {0x104EF, "\xf0\x90\x93\x87"},
  {0x104F0, "\xf0\x90\x93\x88"},
  {0x104F1, "\xf0\x90\x93\x89"},
  {0x104F2, "\xf0\x90\x93\x8a"},
  {0x104F3, "\xf0\x90\x93\x8b"},
  {0x104F4, "\xf0\x90\x93\x8c"},
  {0x104F5, "\xf0\x90\x93\x8d"},
  {0x104F6, "\xf0\x90\x93\x8e"},
  {0x104F7, "\xf0\x90\x93\x8f"},
  {0x104F8, "\xf0\x90\x93\x90"},
  {0x104F9, "\xf0\x90\x93\x91"},
  {0x104FA, "\xf0\x90\x93\x92"},
  {0x104FB, "\xf0\x90\x93\x93"},
  {0x10597, "\xf0\x90\x95\xb0"},
  {0x10598, "\xf0\x90\x95\xb1"},
  {0x10599, "\xf0\x90\x95\xb2"},
  {0x1059A, "\xf0\x90\x95\xb3"},
  {0x1059B, "\xf0\x90\x95\xb4"},
  {0x1059C, "\xf0\x90\x95\xb5"},
  {0x1059D, "\xf0\x90\x95\xb6"},
  {0x1059E, "\xf0\x90\x95\xb7"},
  {0x1059F, "\xf0\x90\x95\xb8"},
  {0x105A0, "\xf0\x90\x95\xb9"},
  {0x105A1, "\xf0\x90\x95\xba"},
  {0x105A3, "\xf0\x90\x95\xbc"},
  {0x105A4, "\xf0\x90\x95\xbd"},
  {0x105A5, "\xf0\x90\x95\xbe"},
  {0x105A6, "\xf0\x90\x95\xbf"},
  {0x105A7, "\xf0\x90\x96\x80"},
  {0x105A8, "\xf0\x90\x96\x81"},
  {0x105A9, "\xf0\x90\x96\x82"},
  {0x105AA, "\xf0\x90\x96\x83"},
  {0x105AB, "\xf0\x90\x96\x84"},
  {0x105AC, "\xf0\x90\x96\x85"},
  {0x105AD, "\xf0\x90\x96\x86"},
  {0x105AE, "\xf0\x90\x96\x87"},
  {0x105AF, "\xf0\x90\x96\x88"},
  {0x105B0, "\xf0\x90\x96\x89"},
  {0x105B1, "\xf0\x90\x96\x8a"},
  {0x105B3, "\xf0\x90\x96\x8c"},
  {0x105B4, "\xf0\x90\x96\x8d"},
  {0x105B5, "\xf0\x90\x96\x8e"},
  {0x105B6, "\xf0\x90\x96\x8f"},
  {0x105B7, "\xf0\x90\x96\x90"},
  {0x105B8, "\xf0\x90\x96\x91"},
  {0x105B9, "\xf0\x90\x96\x92"},
  {0x105BB, "\xf0\x90\x96\x94"},
  {0x105BC, "\xf0\x90\x96\x95"},
  {0x10CC0, "\xf0\x90\xb2\x80"},
  {0x10CC1, "\xf0\x90\xb2\x81"},
  {0x10CC2, "\xf0\x90\xb2\x82"},
  {0x10CC3, "\xf0\x90\xb2\x83"},
  {0x10CC4, "\xf0\x90\xb2\x84"},
  {0x10CC5, "\xf0\x90\xb2\x85"},
  {0x10CC6, "\xf0\x90\xb2\x86"},
  {0x10CC7, "\xf0\x90\xb2\x87"},
  {0x10CC8, "\xf0\x90\xb2\x88"},
  {0x10CC9, "\xf0\x90\xb2\x89"},
  {0x10CCA, "\xf0\x90\xb2\x8a"},
  {0x10CCB, "\xf0\x90\xb2\x8b"},
  {0x10CCC, "\xf0\x90\xb2\x8c"},
  {0x10CCD, "\xf0\x90\xb2\x8d"},
  {0x10CCE, "\xf0\x90\xb2\x8e"},
  {0x10CCF, "\xf0\x90\xb2\x8f"},
  {0x10CD0, "\xf0\x90\xb2\x90"},
  {0x10CD1, "\xf0\x90\xb2\x91"},
  {0x10CD2, "\xf0\x90\xb2\x92"},
  {0x10CD3, "\xf0\x90\xb2\x93"},
  {0x10CD4, "\xf0\x90\xb2\x94"},
  {0x10CD5, "\xf0\x90\xb2\x95"},
  {0x10CD6, "\xf0\x90\xb2\x96"},
  {0x10CD7, "\xf0\x90\xb2\x97"},
  {0x10CD8, "\xf0\x90\xb2\x98"},
  {0x10CD9, "\xf0\x90\xb2\x99"},
  {0x10CDA, "\xf0\x90\xb2\x9a"},
  {0x10CDB, "\xf0\x90\xb2\x9b"},
  {0x10CDC, "\xf0\x90\xb2\x9c"},
  {0x10CDD, "\xf0\x90\xb2\x9d"},
  {0x10CDE, "\xf0\x90\xb2\x9e"},
  {0x10CDF, "\xf0\x90\xb2\x9f"},
  {0x10CE0, "\xf0\x90\xb2\xa0"},
  {0x10CE1, "\xf0\x90\xb2\xa1"},
  {0x10CE2, "\xf0\x90\xb2\xa2"},
  {0x10CE3, "\xf0\x90\xb2\xa3"},
  {0x10CE4, "\xf0\x90\xb2\xa4"},
  {0x10CE5, "\xf0\x90\xb2\xa5"},
  {0x10CE6, "\xf0\x90\xb2\xa6"},
  {0x10CE7, "\xf0\x90\xb2\xa7"},
  {0x10CE8, "\xf0\x90\xb2\xa8"},
  {0x10CE9, "\xf0\x90\xb2\xa9"},
  {0x10CEA, "\xf0\x90\xb2\xaa"},
  {0x10CEB, "\xf0\x90\xb2\xab"},
  {0x10CEC, "\xf0\x90\xb2\xac"},
  {0x10CED, "\xf0\x90\xb2\xad"},
  {0x10CEE, "\xf0\x90\xb2\xae"},
  {0x10CEF, "\xf0\x90\xb2\xaf"},
  {0x10CF0, "\xf0\x90\xb2\xb0"},
  {0x10CF1, "\xf0\x90\xb2\xb1"},
  {0x10CF2, "\xf0\x90\xb2\xb2"},
  {0x118C0, "\xf0\x91\xa2\xa0"},
  {0x118C1, "\xf0\x91\xa2\xa1"},
  {0x118C2, "\xf0\x91\xa2\xa2"},
  {0x118C3, "\xf0\x91\xa2\xa3"},
  {0x118C4, "\xf0\x91\xa2\xa4"},
  {0x118C5, "\xf0\x91\xa2\xa5"},
  {0x118C6, "\xf0\x91\xa2\xa6"},
  {0x118C7, "\xf0\x91\xa2\xa7"},
  {0x118C8, "\xf0\x91\xa2\xa8"},
  {0x118C9, "\xf0\x91\xa2\xa9"},
  {0x118CA, "\xf0\x91\xa2\xaa"},
  {0x118CB, "\xf0\x91\xa2\xab"},
  {0x118CC, "\xf0\x91\xa2\xac"},
  {0x118CD, "\xf0\x91\xa2\xad"},
  {0x118CE, "\xf0\x91\xa2\xae"},
  {0x118CF, "\xf0\x91\xa2\xaf"},
  {0x118D0, "\xf0\x91\xa2\xb0"},
  {0x118D1, "\xf0\x91\xa2\xb1"},
  {0x118D2, "\xf0\x91\xa2\xb2"},
  {0x118D3, "\xf0\x91\xa2\xb3"},
  {0x118D4, "\xf0\x91\xa2\xb4"},
  {0x118D5, "\xf0\x91\xa2\xb5"},
  {0x118D6, "\xf0\x91\xa2\xb6"},
  {0x118D7, "\xf0\x91\xa2\xb7"},
  {0x118D8, "\xf0\x91\xa2\xb8"},
  {0x118D9, "\xf0\x91\xa2\xb9"},
  {0x118DA, "\xf0\x91\xa2\xba"},
  {0x118DB, "\xf0\x91\xa2\xbb"},
  {0x118DC, "\xf0\x91\xa2\xbc"},
  {0x118DD, "\xf0\x91\xa2\xbd"},
  {0x118DE, "\xf0\x91\xa2\xbe"},
  {0x118DF, "\xf0\x91\xa2\xbf"},
  {0x16E60, "\xf0\x96\xb9\x80"},
  {0x16E61, "\xf0\x96\xb9\x81"},
  {0x16E62, "\xf0\x96\xb9\x82"},
  {0x16E63, "\xf0\x96\xb9\x83"},
  {0x16E64, "\xf0\x96\xb9\x84"},
  {0x16E65, "\xf0\x96\xb9\x85"},
  {0x16E66, "\xf0\x96\xb9\x86"},
  {0x16E67, "\xf0\x96\xb9\x87"},
  {0x16E68, "\xf0\x96\xb9\x88"},
  {0x16E69, "\xf0\x96\xb9\x89"},
  {0x16E6A, "\xf0\x96\xb9\x8a"},
  {0x16E6B, "\xf0\x96\xb9\x8b"},
  {0x16E6C, "\xf0\x96\xb9\x8c"},
  {0x16E6D, "\xf0\x96\xb9\x8d"},
  {0x16E6E, "\xf0\x96\xb9\x8e"},
  {0x16E6F, "\xf0\x96\xb9\x8f"},
  {0x16E70, "\xf0\x96\xb9\x90"},
  {0x16E71, "\xf0\x96\xb9\x91"},
  {0x16E72, "\xf0\x96\xb9\x92"},
  {0x16E73, "\xf0\x96\xb9\x93"},
  {0x16E74, "\xf0\x96\xb9\x94"},
  {0x16E75, "\xf0\x96\xb9\x95"},
  {0x16E76, "\xf0\x96\xb9\x96"},
  {0x16E77, "\xf0\x96\xb9\x97"},
  {0x16E78, "\xf0\x96\xb9\x98"},
  {0x16E79, "\xf0\x96\xb9\x99"},
  {0x16E7A, "\xf0\x96\xb9\x9a"},
  {0x16E7B, "\xf0\x96\xb9\x9b"},
  {0x16E7C, "\xf0\x96\xb9\x9c"},
  {0x16E7D, "\xf0\x96\xb9\x9d"},
  {0x16E7E, "\xf0\x96\xb9\x9e"},
  {0x16E7F, "\xf0\x96\xb9\x9f"},
  {0x1E922, "\xf0\x9e\xa4\x80"},
  {0x1E923, "\xf0\x9e\xa4\x81"},
  {0x1E924, "\xf0\x9e\xa4\x82"},
  {0x1E925, "\xf0\x9e\xa4\x83"},
  {0x1E926, "\xf0\x9e\xa4\x84"},
  {0x1E927, "\xf0\x9e\xa4\x85"},
  {0x1E928, "\xf0\x9e\xa4\x86"},
  {0x1E929, "\xf0\x9e\xa4\x87"},
  {0x1E92A, "\xf0\x9e\xa4\x88"},
  {0x1E92B, "\xf0\x9e\xa4\x89"},
  {0x1E92C, "\xf0\x9e\xa4\x8a"},
  {0x1E92D, "\xf0\x9e\xa4\x8b"},
  {0x1E92E, "\xf0\x9e\xa4\x8c"},
  {0x1E92F, "\xf0\x9e\xa4\x8d"},
  {0x1E930, "\xf0\x9e\xa4\x8e"},
  {0x1E931, "\xf0\x9e\xa4\x8f"},
  {0x1E932, "\xf0\x9e\xa4\x90"},
  {0x1E933, "\xf0\x9e\xa4\x91"},
  {0x1E934, "\xf0\x9e\xa4\x92"},
  {0x1E935, "\xf0\x9e\xa4\x93"},
  {0x1E936, "\xf0\x9e\xa4\x94"},
  {0x1E937, "\xf0\x9e\xa4\x95"},
  {0x1E938, "\xf0\x9e\xa4\x96"},
  {0x1E939, "\xf0\x9e\xa4\x97"},
  {0x1E93A, "\xf0\x9e\xa4\x98"},
  {0x1E93B, "\xf0\x9e\xa4\x99"},
  {0x1E93C, "\xf0\x9e\xa4\x9a"},
  {0x1E93D, "\xf0\x9e\xa4\x9b"},
  {0x1E93E, "\xf0\x9e\xa4\x9c"},
  {0x1E93F, "\xf0\x9e\xa4\x9d"},
  {0x1E940, "\xf0\x9e\xa4\x9e"},
  {0x1E941, "\xf0\x9e\xa4\x9f"},
  {0x1E942, "\xf0\x9e\xa4\xa0"},
  {0x1E943, "\xf0\x9e\xa4\xa1"},
};
static const struct { uint32_t cp; const char *s; } pd_lower_tab[] = {
  {0x41, "\x61"},
  {0x42, "\x62"},
  {0x43, "\x63"},
  {0x44, "\x64"},
  {0x45, "\x65"},
  {0x46, "\x66"},
  {0x47, "\x67"},
  {0x48, "\x68"},
  {0x49, "\x69"},
  {0x4A, "\x6a"},
  {0x4B, "\x6b"},
  {0x4C, "\x6c"},
  {0x4D, "\x6d"},
  {0x4E, "\x6e"},
  {0x4F, "\x6f"},
  {0x50, "\x70"},
  {0x51, "\x71"},
  {0x52, "\x72"},
  {0x53, "\x73"},
  {0x54, "\x74"},
  {0x55, "\x75"},
  {0x56, "\x76"},
  {0x57, "\x77"},
  {0x58, "\x78"},
  {0x59, "\x79"},
  {0x5A, "\x7a"},
  {0xC0, "\xc3\xa0"},
  {0xC1, "\xc3\xa1"},
  {0xC2, "\xc3\xa2"},
  {0xC3, "\xc3\xa3"},
  {0xC4, "\xc3\xa4"},
  {0xC5, "\xc3\xa5"},
  {0xC6, "\xc3\xa6"},
  {0xC7, "\xc3\xa7"},
  {0xC8, "\xc3\xa8"},
  {0xC9, "\xc3\xa9"},
  {0xCA, "\xc3\xaa"},
  {0xCB, "\xc3\xab"},
  {0xCC, "\xc3\xac"},
  {0xCD, "\xc3\xad"},
  {0xCE, "\xc3\xae"},
  {0xCF, "\xc3\xaf"},
  {0xD0, "\xc3\xb0"},
  {0xD1, "\xc3\xb1"},
  {0xD2, "\xc3\xb2"},
  {0xD3, "\xc3\xb3"},
  {0xD4, "\xc3\xb4"},
  {0xD5, "\xc3\xb5"},
  {0xD6, "\xc3\xb6"},
  {0xD8, "\xc3\xb8"},
  {0xD9, "\xc3\xb9"},
  {0xDA, "\xc3\xba"},
  {0xDB, "\xc3\xbb"},
  {0xDC, "\xc3\xbc"},
  {0xDD, "\xc3\xbd"},
  {0xDE, "\xc3\xbe"},
  {0x100, "\xc4\x81"},
  {0x102, "\xc4\x83"},
  {0x104, "\xc4\x85"},
  {0x106, "\xc4\x87"},
  {0x108, "\xc4\x89"},
  {0x10A, "\xc4\x8b"},
  {0x10C, "\xc4\x8d"},
  {0x10E, "\xc4\x8f"},
  {0x110, "\xc4\x91"},
  {0x112, "\xc4\x93"},
  {0x114, "\xc4\x95"},
  {0x116, "\xc4\x97"},
  {0x118, "\xc4\x99"},
  {0x11A, "\xc4\x9b"},
  {0x11C, "\xc4\x9d"},
  {0x11E, "\xc4\x9f"},
  {0x120, "\xc4\xa1"},
  {0x122, "\xc4\xa3"},
  {0x124, "\xc4\xa5"},
  {0x126, "\xc4\xa7"},
  {0x128, "\xc4\xa9"},
  {0x12A, "\xc4\xab"},
  {0x12C, "\xc4\xad"},
  {0x12E, "\xc4\xaf"},
  {0x130, "\x69\xcc\x87"},
  {0x132, "\xc4\xb3"},
  {0x134, "\xc4\xb5"},
  {0x136, "\xc4\xb7"},
  {0x139, "\xc4\xba"},
  {0x13B, "\xc4\xbc"},
  {0x13D, "\xc4\xbe"},
  {0x13F, "\xc5\x80"},
  {0x141, "\xc5\x82"},
  {0x143, "\xc5\x84"},
  {0x145, "\xc5\x86"},
  {0x147, "\xc5\x88"},
  {0x14A, "\xc5\x8b"},
  {0x14C, "\xc5\x8d"},
  {0x14E, "\xc5\x8f"},
  {0x150, "\xc5\x91"},
  {0x152, "\xc5\x93"},
  {0x154, "\xc5\x95"},
  {0x156, "\xc5\x97"},
  {0x158, "\xc5\x99"},
  {0x15A, "\xc5\x9b"},
  {0x15C, "\xc5\x9d"},
  {0x15E, "\xc5\x9f"},
  {0x160, "\xc5\xa1"},
  {0x162, "\xc5\xa3"},
  {0x164, "\xc5\xa5"},
  {0x166, "\xc5\xa7"},
  {0x168, "\xc5\xa9"},
  {0x16A, "\xc5\xab"},
  {0x16C, "\xc5\xad"},
  {0x16E, "\xc5\xaf"},
  {0x170, "\xc5\xb1"},
  {0x172, "\xc5\xb3"},
  {0x174, "\xc5\xb5"},
  {0x176, "\xc5\xb7"},
  {0x178, "\xc3\xbf"},
  {0x179, "\xc5\xba"},
  {0x17B, "\xc5\xbc"},
  {0x17D, "\xc5\xbe"},
  {0x181, "\xc9\x93"},
  {0x182, "\xc6\x83"},
  {0x184, "\xc6\x85"},
  {0x186, "\xc9\x94"},
  {0x187, "\xc6\x88"},
  {0x189, "\xc9\x96"},
  {0x18A, "\xc9\x97"},
  {0x18B, "\xc6\x8c"},
  {0x18E, "\xc7\x9d"},
  {0x18F, "\xc9\x99"},
  {0x190, "\xc9\x9b"},
  {0x191, "\xc6\x92"},
  {0x193, "\xc9\xa0"},
  {0x194, "\xc9\xa3"},
  {0x196, "\xc9\xa9"},
  {0x197, "\xc9\xa8"},
  {0x198, "\xc6\x99"},
  {0x19C, "\xc9\xaf"},
  {0x19D, "\xc9\xb2"},
  {0x19F, "\xc9\xb5"},
  {0x1A0, "\xc6\xa1"},
  {0x1A2, "\xc6\xa3"},
  {0x1A4, "\xc6\xa5"},
  {0x1A6, "\xca\x80"},
  {0x1A7, "\xc6\xa8"},
  {0x1A9, "\xca\x83"},
  {0x1AC, "\xc6\xad"},
  {0x1AE, "\xca\x88"},
  {0x1AF, "\xc6\xb0"},
  {0x1B1, "\xca\x8a"},
  {0x1B2, "\xca\x8b"},
  {0x1B3, "\xc6\xb4"},
  {0x1B5, "\xc6\xb6"},
  {0x1B7, "\xca\x92"},
  {0x1B8, "\xc6\xb9"},
  {0x1BC, "\xc6\xbd"},
  {0x1C4, "\xc7\x86"},
  {0x1C5, "\xc7\x86"},
  {0x1C7, "\xc7\x89"},
  {0x1C8, "\xc7\x89"},
  {0x1CA, "\xc7\x8c"},
  {0x1CB, "\xc7\x8c"},
  {0x1CD, "\xc7\x8e"},
  {0x1CF, "\xc7\x90"},
  {0x1D1, "\xc7\x92"},
  {0x1D3, "\xc7\x94"},
  {0x1D5, "\xc7\x96"},
  {0x1D7, "\xc7\x98"},
  {0x1D9, "\xc7\x9a"},
  {0x1DB, "\xc7\x9c"},
  {0x1DE, "\xc7\x9f"},
  {0x1E0, "\xc7\xa1"},
  {0x1E2, "\xc7\xa3"},
  {0x1E4, "\xc7\xa5"},
  {0x1E6, "\xc7\xa7"},
  {0x1E8, "\xc7\xa9"},
  {0x1EA, "\xc7\xab"},
  {0x1EC, "\xc7\xad"},
  {0x1EE, "\xc7\xaf"},
  {0x1F1, "\xc7\xb3"},
  {0x1F2, "\xc7\xb3"},
  {0x1F4, "\xc7\xb5"},
  {0x1F6, "\xc6\x95"},
  {0x1F7, "\xc6\xbf"},
  {0x1F8, "\xc7\xb9"},
  {0x1FA, "\xc7\xbb"},
  {0x1FC, "\xc7\xbd"},
  {0x1FE, "\xc7\xbf"},
  {0x200, "\xc8\x81"},
  {0x202, "\xc8\x83"},
  {0x204, "\xc8\x85"},
  {0x206, "\xc8\x87"},
  {0x208, "\xc8\x89"},
  {0x20A, "\xc8\x8b"},
  {0x20C, "\xc8\x8d"},
  {0x20E, "\xc8\x8f"},
  {0x210, "\xc8\x91"},
  {0x212, "\xc8\x93"},
  {0x214, "\xc8\x95"},
  {0x216, "\xc8\x97"},
  {0x218, "\xc8\x99"},
  {0x21A, "\xc8\x9b"},
  {0x21C, "\xc8\x9d"},
  {0x21E, "\xc8\x9f"},
  {0x220, "\xc6\x9e"},
  {0x222, "\xc8\xa3"},
  {0x224, "\xc8\xa5"},
  {0x226, "\xc8\xa7"},
  {0x228, "\xc8\xa9"},
  {0x22A, "\xc8\xab"},
  {0x22C, "\xc8\xad"},
  {0x22E, "\xc8\xaf"},
  {0x230, "\xc8\xb1"},
  {0x232, "\xc8\xb3"},
  {0x23A, "\xe2\xb1\xa5"},
  {0x23B, "\xc8\xbc"},
  {0x23D, "\xc6\x9a"},
  {0x23E, "\xe2\xb1\xa6"},
  {0x241, "\xc9\x82"},
  {0x243, "\xc6\x80"},
  {0x244, "\xca\x89"},
  {0x245, "\xca\x8c"},
  {0x246, "\xc9\x87"},
  {0x248, "\xc9\x89"},
  {0x24A, "\xc9\x8b"},
  {0x24C, "\xc9\x8d"},
  {0x24E, "\xc9\x8f"},
  {0x370, "\xcd\xb1"},
  {0x372, "\xcd\xb3"},
  {0x376, "\xcd\xb7"},
  {0x37F, "\xcf\xb3"},
  {0x386, "\xce\xac"},
  {0x388, "\xce\xad"},
  {0x389, "\xce\xae"},
  {0x38A, "\xce\xaf"},
  {0x38C, "\xcf\x8c"},
  {0x38E, "\xcf\x8d"},
  {0x38F, "\xcf\x8e"},
  {0x391, "\xce\xb1"},
  {0x392, "\xce\xb2"},
  {0x393, "\xce\xb3"},
  {0x394, "\xce\xb4"},
  {0x395, "\xce\xb5"},
  {0x396, "\xce\xb6"},
  {0x397, "\xce\xb7"},
  {0x398, "\xce\xb8"},
  {0x399, "\xce\xb9"},
  {0x39A, "\xce\xba"},
  {0x39B, "\xce\xbb"},
  {0x39C, "\xce\xbc"},
  {0x39D, "\xce\xbd"},
  {0x39E, "\xce\xbe"},
  {0x39F, "\xce\xbf"},
  {0x3A0, "\xcf\x80"},
  {0x3A1, "\xcf\x81"},
  {0x3A4, "\xcf\x84"},
  {0x3A5, "\xcf\x85"},
  {0x3A6, "\xcf\x86"},
  {0x3A7, "\xcf\x87"},
  {0x3A8, "\xcf\x88"},
  {0x3A9, "\xcf\x89"},
  {0x3AA, "\xcf\x8a"},
  {0x3AB, "\xcf\x8b"},
  {0x3CF, "\xcf\x97"},
  {0x3D8, "\xcf\x99"},
  {0x3DA, "\xcf\x9b"},
  {0x3DC, "\xcf\x9d"},
  {0x3DE, "\xcf\x9f"},
  {0x3E0, "\xcf\xa1"},
  {0x3E2, "\xcf\xa3"},
  {0x3E4, "\xcf\xa5"},
  {0x3E6, "\xcf\xa7"},
  {0x3E8, "\xcf\xa9"},
  {0x3EA, "\xcf\xab"},
  {0x3EC, "\xcf\xad"},
  {0x3EE, "\xcf\xaf"},
  {0x3F4, "\xce\xb8"},
  {0x3F7, "\xcf\xb8"},
  {0x3F9, "\xcf\xb2"},
  {0x3FA, "\xcf\xbb"},
  {0x3FD, "\xcd\xbb"},
  {0x3FE, "\xcd\xbc"},
  {0x3FF, "\xcd\xbd"},
  {0x400, "\xd1\x90"},
  {0x401, "\xd1\x91"},
  {0x402, "\xd1\x92"},
  {0x403, "\xd1\x93"},
  {0x404, "\xd1\x94"},
  {0x405, "\xd1\x95"},
  {0x406, "\xd1\x96"},
  {0x407, "\xd1\x97"},
  {0x408, "\xd1\x98"},
  {0x409, "\xd1\x99"},
  {0x40A, "\xd1\x9a"},
  {0x40B, "\xd1\x9b"},
  {0x40C, "\xd1\x9c"},
  {0x40D, "\xd1\x9d"},
  {0x40E, "\xd1\x9e"},
  {0x40F, "\xd1\x9f"},
  {0x410, "\xd0\xb0"},
  {0x411, "\xd0\xb1"},
  {0x412, "\xd0\xb2"},
  {0x413, "\xd0\xb3"},
  {0x414, "\xd0\xb4"},
  {0x415, "\xd0\xb5"},
  {0x416, "\xd0\xb6"},
  {0x417, "\xd0\xb7"},
  {0x418, "\xd0\xb8"},
  {0x419, "\xd0\xb9"},
  {0x41A, "\xd0\xba"},
  {0x41B, "\xd0\xbb"},
  {0x41C, "\xd0\xbc"},
  {0x41D, "\xd0\xbd"},
  {0x41E, "\xd0\xbe"},
  {0x41F, "\xd0\xbf"},
  {0x420, "\xd1\x80"},
  {0x421, "\xd1\x81"},
  {0x422, "\xd1\x82"},
  {0x423, "\xd1\x83"},
  {0x424, "\xd1\x84"},
  {0x425, "\xd1\x85"},
  {0x426, "\xd1\x86"},
  {0x427, "\xd1\x87"},
  {0x428, "\xd1\x88"},
  {0x429, "\xd1\x89"},
  {0x42A, "\xd1\x8a"},
  {0x42B, "\xd1\x8b"},
  {0x42C, "\xd1\x8c"},
  {0x42D, "\xd1\x8d"},
  {0x42E, "\xd1\x8e"},
  {0x42F, "\xd1\x8f"},
  {0x460, "\xd1\xa1"},
  {0x462, "\xd1\xa3"},
  {0x464, "\xd1\xa5"},
  {0x466, "\xd1\xa7"},
  {0x468, "\xd1\xa9"},
  {0x46A, "\xd1\xab"},
  {0x46C, "\xd1\xad"},
  {0x46E, "\xd1\xaf"},
  {0x470, "\xd1\xb1"},
  {0x472, "\xd1\xb3"},
  {0x474, "\xd1\xb5"},
  {0x476, "\xd1\xb7"},
  {0x478, "\xd1\xb9"},
  {0x47A, "\xd1\xbb"},
  {0x47C, "\xd1\xbd"},
  {0x47E, "\xd1\xbf"},
  {0x480, "\xd2\x81"},
  {0x48A, "\xd2\x8b"},
  {0x48C, "\xd2\x8d"},
  {0x48E, "\xd2\x8f"},
  {0x490, "\xd2\x91"},
  {0x492, "\xd2\x93"},
  {0x494, "\xd2\x95"},
  {0x496, "\xd2\x97"},
  {0x498, "\xd2\x99"},
  {0x49A, "\xd2\x9b"},
  {0x49C, "\xd2\x9d"},
  {0x49E, "\xd2\x9f"},
  {0x4A0, "\xd2\xa1"},
  {0x4A2, "\xd2\xa3"},
  {0x4A4, "\xd2\xa5"},
  {0x4A6, "\xd2\xa7"},
  {0x4A8, "\xd2\xa9"},
  {0x4AA, "\xd2\xab"},
  {0x4AC, "\xd2\xad"},
  {0x4AE, "\xd2\xaf"},
  {0x4B0, "\xd2\xb1"},
  {0x4B2, "\xd2\xb3"},
  {0x4B4, "\xd2\xb5"},
  {0x4B6, "\xd2\xb7"},
  {0x4B8, "\xd2\xb9"},
  {0x4BA, "\xd2\xbb"},
  {0x4BC, "\xd2\xbd"},
  {0x4BE, "\xd2\xbf"},
  {0x4C0, "\xd3\x8f"},
  {0x4C1, "\xd3\x82"},
  {0x4C3, "\xd3\x84"},
  {0x4C5, "\xd3\x86"},
  {0x4C7, "\xd3\x88"},
  {0x4C9, "\xd3\x8a"},
  {0x4CB, "\xd3\x8c"},
  {0x4CD, "\xd3\x8e"},
  {0x4D0, "\xd3\x91"},
  {0x4D2, "\xd3\x93"},
  {0x4D4, "\xd3\x95"},
  {0x4D6, "\xd3\x97"},
  {0x4D8, "\xd3\x99"},
  {0x4DA, "\xd3\x9b"},
  {0x4DC, "\xd3\x9d"},
  {0x4DE, "\xd3\x9f"},
  {0x4E0, "\xd3\xa1"},
  {0x4E2, "\xd3\xa3"},
  {0x4E4, "\xd3\xa5"},
  {0x4E6, "\xd3\xa7"},
  {0x4E8, "\xd3\xa9"},
  {0x4EA, "\xd3\xab"},
  {0x4EC, "\xd3\xad"},
  {0x4EE, "\xd3\xaf"},
  {0x4F0, "\xd3\xb1"},
  {0x4F2, "\xd3\xb3"},
  {0x4F4, "\xd3\xb5"},
  {0x4F6, "\xd3\xb7"},
  {0x4F8, "\xd3\xb9"},
  {0x4FA, "\xd3\xbb"},
  {0x4FC, "\xd3\xbd"},
  {0x4FE, "\xd3\xbf"},
  {0x500, "\xd4\x81"},
  {0x502, "\xd4\x83"},
  {0x504, "\xd4\x85"},
  {0x506, "\xd4\x87"},
  {0x508, "\xd4\x89"},
  {0x50A, "\xd4\x8b"},
  {0x50C, "\xd4\x8d"},
  {0x50E, "\xd4\x8f"},
  {0x510, "\xd4\x91"},
  {0x512, "\xd4\x93"},
  {0x514, "\xd4\x95"},
  {0x516, "\xd4\x97"},
  {0x518, "\xd4\x99"},
  {0x51A, "\xd4\x9b"},
  {0x51C, "\xd4\x9d"},
  {0x51E, "\xd4\x9f"},
  {0x520, "\xd4\xa1"},
  {0x522, "\xd4\xa3"},
  {0x524, "\xd4\xa5"},
  {0x526, "\xd4\xa7"},
  {0x528, "\xd4\xa9"},
  {0x52A, "\xd4\xab"},
  {0x52C, "\xd4\xad"},
  {0x52E, "\xd4\xaf"},
  {0x531, "\xd5\xa1"},
  {0x532, "\xd5\xa2"},
  {0x533, "\xd5\xa3"},
  {0x534, "\xd5\xa4"},
  {0x535, "\xd5\xa5"},
  {0x536, "\xd5\xa6"},
  {0x537, "\xd5\xa7"},
  {0x538, "\xd5\xa8"},
  {0x539, "\xd5\xa9"},
  {0x53A, "\xd5\xaa"},
  {0x53B, "\xd5\xab"},
  {0x53C, "\xd5\xac"},
  {0x53D, "\xd5\xad"},
  {0x53E, "\xd5\xae"},
  {0x53F, "\xd5\xaf"},
  {0x540, "\xd5\xb0"},
  {0x541, "\xd5\xb1"},
  {0x542, "\xd5\xb2"},
  {0x543, "\xd5\xb3"},
  {0x544, "\xd5\xb4"},
  {0x545, "\xd5\xb5"},
  {0x546, "\xd5\xb6"},
  {0x547, "\xd5\xb7"},
  {0x548, "\xd5\xb8"},
  {0x549, "\xd5\xb9"},
  {0x54A, "\xd5\xba"},
  {0x54B, "\xd5\xbb"},
  {0x54C, "\xd5\xbc"},
  {0x54D, "\xd5\xbd"},
  {0x54E, "\xd5\xbe"},
  {0x54F, "\xd5\xbf"},
  {0x550, "\xd6\x80"},
  {0x551, "\xd6\x81"},
  {0x552, "\xd6\x82"},
  {0x553, "\xd6\x83"},
  {0x554, "\xd6\x84"},
  {0x555, "\xd6\x85"},
  {0x556, "\xd6\x86"},
  {0x10A0, "\xe2\xb4\x80"},
  {0x10A1, "\xe2\xb4\x81"},
  {0x10A2, "\xe2\xb4\x82"},
  {0x10A3, "\xe2\xb4\x83"},
  {0x10A4, "\xe2\xb4\x84"},
  {0x10A5, "\xe2\xb4\x85"},
  {0x10A6, "\xe2\xb4\x86"},
  {0x10A7, "\xe2\xb4\x87"},
  {0x10A8, "\xe2\xb4\x88"},
  {0x10A9, "\xe2\xb4\x89"},
  {0x10AA, "\xe2\xb4\x8a"},
  {0x10AB, "\xe2\xb4\x8b"},
  {0x10AC, "\xe2\xb4\x8c"},
  {0x10AD, "\xe2\xb4\x8d"},
  {0x10AE, "\xe2\xb4\x8e"},
  {0x10AF, "\xe2\xb4\x8f"},
  {0x10B0, "\xe2\xb4\x90"},
  {0x10B1, "\xe2\xb4\x91"},
  {0x10B2, "\xe2\xb4\x92"},
  {0x10B3, "\xe2\xb4\x93"},
  {0x10B4, "\xe2\xb4\x94"},
  {0x10B5, "\xe2\xb4\x95"},
  {0x10B6, "\xe2\xb4\x96"},
  {0x10B7, "\xe2\xb4\x97"},
  {0x10B8, "\xe2\xb4\x98"},
  {0x10B9, "\xe2\xb4\x99"},
  {0x10BA, "\xe2\xb4\x9a"},
  {0x10BB, "\xe2\xb4\x9b"},
  {0x10BC, "\xe2\xb4\x9c"},
  {0x10BD, "\xe2\xb4\x9d"},
  {0x10BE, "\xe2\xb4\x9e"},
  {0x10BF, "\xe2\xb4\x9f"},
  {0x10C0, "\xe2\xb4\xa0"},
  {0x10C1, "\xe2\xb4\xa1"},
  {0x10C2, "\xe2\xb4\xa2"},
  {0x10C3, "\xe2\xb4\xa3"},
  {0x10C4, "\xe2\xb4\xa4"},
  {0x10C5, "\xe2\xb4\xa5"},
  {0x10C7, "\xe2\xb4\xa7"},
  {0x10CD, "\xe2\xb4\xad"},
  {0x13A0, "\xea\xad\xb0"},
  {0x13A1, "\xea\xad\xb1"},
  {0x13A2, "\xea\xad\xb2"},
  {0x13A3, "\xea\xad\xb3"},
  {0x13A4, "\xea\xad\xb4"},
  {0x13A5, "\xea\xad\xb5"},
  {0x13A6, "\xea\xad\xb6"},
  {0x13A7, "\xea\xad\xb7"},
  {0x13A8, "\xea\xad\xb8"},
  {0x13A9, "\xea\xad\xb9"},
  {0x13AA, "\xea\xad\xba"},
  {0x13AB, "\xea\xad\xbb"},
  {0x13AC, "\xea\xad\xbc"},
  {0x13AD, "\xea\xad\xbd"},
  {0x13AE, "\xea\xad\xbe"},
  {0x13AF, "\xea\xad\xbf"},
  {0x13B0, "\xea\xae\x80"},
  {0x13B1, "\xea\xae\x81"},
  {0x13B2, "\xea\xae\x82"},
  {0x13B3, "\xea\xae\x83"},
  {0x13B4, "\xea\xae\x84"},
  {0x13B5, "\xea\xae\x85"},
  {0x13B6, "\xea\xae\x86"},
  {0x13B7, "\xea\xae\x87"},
  {0x13B8, "\xea\xae\x88"},
  {0x13B9, "\xea\xae\x89"},
  {0x13BA, "\xea\xae\x8a"},
  {0x13BB, "\xea\xae\x8b"},
  {0x13BC, "\xea\xae\x8c"},
  {0x13BD, "\xea\xae\x8d"},
  {0x13BE, "\xea\xae\x8e"},
  {0x13BF, "\xea\xae\x8f"},
  {0x13C0, "\xea\xae\x90"},
  {0x13C1, "\xea\xae\x91"},
  {0x13C2, "\xea\xae\x92"},
  {0x13C3, "\xea\xae\x93"},
  {0x13C4, "\xea\xae\x94"},
  {0x13C5, "\xea\xae\x95"},
  {0x13C6, "\xea\xae\x96"},
  {0x13C7, "\xea\xae\x97"},
  {0x13C8, "\xea\xae\x98"},
  {0x13C9, "\xea\xae\x99"},
  {0x13CA, "\xea\xae\x9a"},
  {0x13CB, "\xea\xae\x9b"},
  {0x13CC, "\xea\xae\x9c"},
  {0x13CD, "\xea\xae\x9d"},
  {0x13CE, "\xea\xae\x9e"},
  {0x13CF, "\xea\xae\x9f"},
  {0x13D0, "\xea\xae\xa0"},
  {0x13D1, "\xea\xae\xa1"},
  {0x13D2, "\xea\xae\xa2"},
  {0x13D3, "\xea\xae\xa3"},
  {0x13D4, "\xea\xae\xa4"},
  {0x13D5, "\xea\xae\xa5"},
  {0x13D6, "\xea\xae\xa6"},
  {0x13D7, "\xea\xae\xa7"},
  {0x13D8, "\xea\xae\xa8"},
  {0x13D9, "\xea\xae\xa9"},
  {0x13DA, "\xea\xae\xaa"},
  {0x13DB, "\xea\xae\xab"},
  {0x13DC, "\xea\xae\xac"},
  {0x13DD, "\xea\xae\xad"},
  {0x13DE, "\xea\xae\xae"},
  {0x13DF, "\xea\xae\xaf"},
  {0x13E0, "\xea\xae\xb0"},
  {0x13E1, "\xea\xae\xb1"},
  {0x13E2, "\xea\xae\xb2"},
  {0x13E3, "\xea\xae\xb3"},
  {0x13E4, "\xea\xae\xb4"},
  {0x13E5, "\xea\xae\xb5"},
  {0x13E6, "\xea\xae\xb6"},
  {0x13E7, "\xea\xae\xb7"},
  {0x13E8, "\xea\xae\xb8"},
  {0x13E9, "\xea\xae\xb9"},
  {0x13EA, "\xea\xae\xba"},
  {0x13EB, "\xea\xae\xbb"},
  {0x13EC, "\xea\xae\xbc"},
  {0x13ED, "\xea\xae\xbd"},
  {0x13EE, "\xea\xae\xbe"},
  {0x13EF, "\xea\xae\xbf"},
  {0x13F0, "\xe1\x8f\xb8"},
  {0x13F1, "\xe1\x8f\xb9"},
  {0x13F2, "\xe1\x8f\xba"},
  {0x13F3, "\xe1\x8f\xbb"},
  {0x13F4, "\xe1\x8f\xbc"},
  {0x13F5, "\xe1\x8f\xbd"},
  {0x1C90, "\xe1\x83\x90"},
  {0x1C91, "\xe1\x83\x91"},
  {0x1C92, "\xe1\x83\x92"},
  {0x1C93, "\xe1\x83\x93"},
  {0x1C94, "\xe1\x83\x94"},
  {0x1C95, "\xe1\x83\x95"},
  {0x1C96, "\xe1\x83\x96"},
  {0x1C97, "\xe1\x83\x97"},
  {0x1C98, "\xe1\x83\x98"},
  {0x1C99, "\xe1\x83\x99"},
  {0x1C9A, "\xe1\x83\x9a"},
  {0x1C9B, "\xe1\x83\x9b"},
  {0x1C9C, "\xe1\x83\x9c"},
  {0x1C9D, "\xe1\x83\x9d"},
  {0x1C9E, "\xe1\x83\x9e"},
  {0x1C9F, "\xe1\x83\x9f"},
  {0x1CA0, "\xe1\x83\xa0"},
  {0x1CA1, "\xe1\x83\xa1"},
  {0x1CA2, "\xe1\x83\xa2"},
  {0x1CA3, "\xe1\x83\xa3"},
  {0x1CA4, "\xe1\x83\xa4"},
  {0x1CA5, "\xe1\x83\xa5"},
  {0x1CA6, "\xe1\x83\xa6"},
  {0x1CA7, "\xe1\x83\xa7"},
  {0x1CA8, "\xe1\x83\xa8"},
  {0x1CA9, "\xe1\x83\xa9"},
  {0x1CAA, "\xe1\x83\xaa"},
  {0x1CAB, "\xe1\x83\xab"},
  {0x1CAC, "\xe1\x83\xac"},
  {0x1CAD, "\xe1\x83\xad"},
  {0x1CAE, "\xe1\x83\xae"},
  {0x1CAF, "\xe1\x83\xaf"},
  {0x1CB0, "\xe1\x83\xb0"},
  {0x1CB1, "\xe1\x83\xb1"},
  {0x1CB2, "\xe1\x83\xb2"},
  {0x1CB3, "\xe1\x83\xb3"},
  {0x1CB4, "\xe1\x83\xb4"},
  {0x1CB5, "\xe1\x83\xb5"},
  {0x1CB6, "\xe1\x83\xb6"},
  {0x1CB7, "\xe1\x83\xb7"},
  {0x1CB8, "\xe1\x83\xb8"},
  {0x1CB9, "\xe1\x83\xb9"},
  {0x1CBA, "\xe1\x83\xba"},
  {0x1CBD, "\xe1\x83\xbd"},
  {0x1CBE, "\xe1\x83\xbe"},
  {0x1CBF, "\xe1\x83\xbf"},
  {0x1E00, "\xe1\xb8\x81"},
  {0x1E02, "\xe1\xb8\x83"},
  {0x1E04, "\xe1\xb8\x85"},
  {0x1E06, "\xe1\xb8\x87"},
  {0x1E08, "\xe1\xb8\x89"},
  {0x1E0A, "\xe1\xb8\x8b"},
  {0x1E0C, "\xe1\xb8\x8d"},
  {0x1E0E, "\xe1\xb8\x8f"},
  {0x1E10, "\xe1\xb8\x91"},
  {0x1E12, "\xe1\xb8\x93"},
  {0x1E14, "\xe1\xb8\x95"},
  {0x1E16, "\xe1\xb8\x97"},
  {0x1E18, "\xe1\xb8\x99"},
  {0x1E1A, "\xe1\xb8\x9b"},
  {0x1E1C, "\xe1\xb8\x9d"},
  {0x1E1E, "\xe1\xb8\x9f"},
  {0x1E20, "\xe1\xb8\xa1"},
  {0x1E22, "\xe1\xb8\xa3"},
  {0x1E24, "\xe1\xb8\xa5"},
  {0x1E26, "\xe1\xb8\xa7"},
  {0x1E28, "\xe1\xb8\xa9"},
  {0x1E2A, "\xe1\xb8\xab"},
  {0x1E2C, "\xe1\xb8\xad"},
  {0x1E2E, "\xe1\xb8\xaf"},
  {0x1E30, "\xe1\xb8\xb1"},
  {0x1E32, "\xe1\xb8\xb3"},
  {0x1E34, "\xe1\xb8\xb5"},
  {0x1E36, "\xe1\xb8\xb7"},
  {0x1E38, "\xe1\xb8\xb9"},
  {0x1E3A, "\xe1\xb8\xbb"},
  {0x1E3C, "\xe1\xb8\xbd"},
  {0x1E3E, "\xe1\xb8\xbf"},
  {0x1E40, "\xe1\xb9\x81"},
  {0x1E42, "\xe1\xb9\x83"},
  {0x1E44, "\xe1\xb9\x85"},
  {0x1E46, "\xe1\xb9\x87"},
  {0x1E48, "\xe1\xb9\x89"},
  {0x1E4A, "\xe1\xb9\x8b"},
  {0x1E4C, "\xe1\xb9\x8d"},
  {0x1E4E, "\xe1\xb9\x8f"},
  {0x1E50, "\xe1\xb9\x91"},
  {0x1E52, "\xe1\xb9\x93"},
  {0x1E54, "\xe1\xb9\x95"},
  {0x1E56, "\xe1\xb9\x97"},
  {0x1E58, "\xe1\xb9\x99"},
  {0x1E5A, "\xe1\xb9\x9b"},
  {0x1E5C, "\xe1\xb9\x9d"},
  {0x1E5E, "\xe1\xb9\x9f"},
  {0x1E60, "\xe1\xb9\xa1"},
  {0x1E62, "\xe1\xb9\xa3"},
  {0x1E64, "\xe1\xb9\xa5"},
  {0x1E66, "\xe1\xb9\xa7"},
  {0x1E68, "\xe1\xb9\xa9"},
  {0x1E6A, "\xe1\xb9\xab"},
  {0x1E6C, "\xe1\xb9\xad"},
  {0x1E6E, "\xe1\xb9\xaf"},
  {0x1E70, "\xe1\xb9\xb1"},
  {0x1E72, "\xe1\xb9\xb3"},
  {0x1E74, "\xe1\xb9\xb5"},
  {0x1E76, "\xe1\xb9\xb7"},
  {0x1E78, "\xe1\xb9\xb9"},
  {0x1E7A, "\xe1\xb9\xbb"},
  {0x1E7C, "\xe1\xb9\xbd"},
  {0x1E7E, "\xe1\xb9\xbf"},
  {0x1E80, "\xe1\xba\x81"},
  {0x1E82, "\xe1\xba\x83"},
  {0x1E84, "\xe1\xba\x85"},
  {0x1E86, "\xe1\xba\x87"},
  {0x1E88, "\xe1\xba\x89"},
  {0x1E8A, "\xe1\xba\x8b"},
  {0x1E8C, "\xe1\xba\x8d"},
  {0x1E8E, "\xe1\xba\x8f"},
  {0x1E90, "\xe1\xba\x91"},
  {0x1E92, "\xe1\xba\x93"},
  {0x1E94, "\xe1\xba\x95"},
  {0x1E9E, "\xc3\x9f"},
  {0x1EA0, "\xe1\xba\xa1"},
  {0x1EA2, "\xe1\xba\xa3"},
  {0x1EA4, "\xe1\xba\xa5"},
  {0x1EA6, "\xe1\xba\xa7"},
  {0x1EA8, "\xe1\xba\xa9"},
  {0x1EAA, "\xe1\xba\xab"},
  {0x1EAC, "\xe1\xba\xad"},
  {0x1EAE, "\xe1\xba\xaf"},
  {0x1EB0, "\xe1\xba\xb1"},
  {0x1EB2, "\xe1\xba\xb3"},
  {0x1EB4, "\xe1\xba\xb5"},
  {0x1EB6, "\xe1\xba\xb7"},
  {0x1EB8, "\xe1\xba\xb9"},
  {0x1EBA, "\xe1\xba\xbb"},
  {0x1EBC, "\xe1\xba\xbd"},
  {0x1EBE, "\xe1\xba\xbf"},
  {0x1EC0, "\xe1\xbb\x81"},
  {0x1EC2, "\xe1\xbb\x83"},
  {0x1EC4, "\xe1\xbb\x85"},
  {0x1EC6, "\xe1\xbb\x87"},
  {0x1EC8, "\xe1\xbb\x89"},
  {0x1ECA, "\xe1\xbb\x8b"},
  {0x1ECC, "\xe1\xbb\x8d"},
  {0x1ECE, "\xe1\xbb\x8f"},
  {0x1ED0, "\xe1\xbb\x91"},
  {0x1ED2, "\xe1\xbb\x93"},
  {0x1ED4, "\xe1\xbb\x95"},
  {0x1ED6, "\xe1\xbb\x97"},
  {0x1ED8, "\xe1\xbb\x99"},
  {0x1EDA, "\xe1\xbb\x9b"},
  {0x1EDC, "\xe1\xbb\x9d"},
  {0x1EDE, "\xe1\xbb\x9f"},
  {0x1EE0, "\xe1\xbb\xa1"},
  {0x1EE2, "\xe1\xbb\xa3"},
  {0x1EE4, "\xe1\xbb\xa5"},
  {0x1EE6, "\xe1\xbb\xa7"},
  {0x1EE8, "\xe1\xbb\xa9"},
  {0x1EEA, "\xe1\xbb\xab"},
  {0x1EEC, "\xe1\xbb\xad"},
  {0x1EEE, "\xe1\xbb\xaf"},
  {0x1EF0, "\xe1\xbb\xb1"},
  {0x1EF2, "\xe1\xbb\xb3"},
  {0x1EF4, "\xe1\xbb\xb5"},
  {0x1EF6, "\xe1\xbb\xb7"},
  {0x1EF8, "\xe1\xbb\xb9"},
  {0x1EFA, "\xe1\xbb\xbb"},
  {0x1EFC, "\xe1\xbb\xbd"},
  {0x1EFE, "\xe1\xbb\xbf"},
  {0x1F08, "\xe1\xbc\x80"},
  {0x1F09, "\xe1\xbc\x81"},
  {0x1F0A, "\xe1\xbc\x82"},
  {0x1F0B, "\xe1\xbc\x83"},
  {0x1F0C, "\xe1\xbc\x84"},
  {0x1F0D, "\xe1\xbc\x85"},
  {0x1F0E, "\xe1\xbc\x86"},
  {0x1F0F, "\xe1\xbc\x87"},
  {0x1F18, "\xe1\xbc\x90"},
  {0x1F19, "\xe1\xbc\x91"},
  {0x1F1A, "\xe1\xbc\x92"},
  {0x1F1B, "\xe1\xbc\x93"},
  {0x1F1C, "\xe1\xbc\x94"},
  {0x1F1D, "\xe1\xbc\x95"},
  {0x1F28, "\xe1\xbc\xa0"},
  {0x1F29, "\xe1\xbc\xa1"},
  {0x1F2A, "\xe1\xbc\xa2"},
  {0x1F2B, "\xe1\xbc\xa3"},
  {0x1F2C, "\xe1\xbc\xa4"},
  {0x1F2D, "\xe1\xbc\xa5"},
  {0x1F2E, "\xe1\xbc\xa6"},
  {0x1F2F, "\xe1\xbc\xa7"},
  {0x1F38, "\xe1\xbc\xb0"},
  {0x1F39, "\xe1\xbc\xb1"},
  {0x1F3A, "\xe1\xbc\xb2"},
  {0x1F3B, "\xe1\xbc\xb3"},
  {0x1F3C, "\xe1\xbc\xb4"},
  {0x1F3D, "\xe1\xbc\xb5"},
  {0x1F3E, "\xe1\xbc\xb6"},
  {0x1F3F, "\xe1\xbc\xb7"},
  {0x1F48, "\xe1\xbd\x80"},
  {0x1F49, "\xe1\xbd\x81"},
  {0x1F4A, "\xe1\xbd\x82"},
  {0x1F4B, "\xe1\xbd\x83"},
  {0x1F4C, "\xe1\xbd\x84"},
  {0x1F4D, "\xe1\xbd\x85"},
  {0x1F59, "\xe1\xbd\x91"},
  {0x1F5B, "\xe1\xbd\x93"},
  {0x1F5D, "\xe1\xbd\x95"},
  {0x1F5F, "\xe1\xbd\x97"},
  {0x1F68, "\xe1\xbd\xa0"},
  {0x1F69, "\xe1\xbd\xa1"},
  {0x1F6A, "\xe1\xbd\xa2"},
  {0x1F6B, "\xe1\xbd\xa3"},
  {0x1F6C, "\xe1\xbd\xa4"},
  {0x1F6D, "\xe1\xbd\xa5"},
  {0x1F6E, "\xe1\xbd\xa6"},
  {0x1F6F, "\xe1\xbd\xa7"},
  {0x1F88, "\xe1\xbe\x80"},
  {0x1F89, "\xe1\xbe\x81"},
  {0x1F8A, "\xe1\xbe\x82"},
  {0x1F8B, "\xe1\xbe\x83"},
  {0x1F8C, "\xe1\xbe\x84"},
  {0x1F8D, "\xe1\xbe\x85"},
  {0x1F8E, "\xe1\xbe\x86"},
  {0x1F8F, "\xe1\xbe\x87"},
  {0x1F98, "\xe1\xbe\x90"},
  {0x1F99, "\xe1\xbe\x91"},
  {0x1F9A, "\xe1\xbe\x92"},
  {0x1F9B, "\xe1\xbe\x93"},
  {0x1F9C, "\xe1\xbe\x94"},
  {0x1F9D, "\xe1\xbe\x95"},
  {0x1F9E, "\xe1\xbe\x96"},
  {0x1F9F, "\xe1\xbe\x97"},
  {0x1FA8, "\xe1\xbe\xa0"},
  {0x1FA9, "\xe1\xbe\xa1"},
  {0x1FAA, "\xe1\xbe\xa2"},
  {0x1FAB, "\xe1\xbe\xa3"},
  {0x1FAC, "\xe1\xbe\xa4"},
  {0x1FAD, "\xe1\xbe\xa5"},
  {0x1FAE, "\xe1\xbe\xa6"},
  {0x1FAF, "\xe1\xbe\xa7"},
  {0x1FB8, "\xe1\xbe\xb0"},
  {0x1FB9, "\xe1\xbe\xb1"},
  {0x1FBA, "\xe1\xbd\xb0"},
  {0x1FBB, "\xe1\xbd\xb1"},
  {0x1FBC, "\xe1\xbe\xb3"},
  {0x1FC8, "\xe1\xbd\xb2"},
  {0x1FC9, "\xe1\xbd\xb3"},
  {0x1FCA, "\xe1\xbd\xb4"},
  {0x1FCB, "\xe1\xbd\xb5"},
  {0x1FCC, "\xe1\xbf\x83"},
  {0x1FD8, "\xe1\xbf\x90"},
  {0x1FD9, "\xe1\xbf\x91"},
  {0x1FDA, "\xe1\xbd\xb6"},
  {0x1FDB, "\xe1\xbd\xb7"},
  {0x1FE8, "\xe1\xbf\xa0"},
  {0x1FE9, "\xe1\xbf\xa1"},
  {0x1FEA, "\xe1\xbd\xba"},
  {0x1FEB, "\xe1\xbd\xbb"},
  {0x1FEC, "\xe1\xbf\xa5"},
  {0x1FF8, "\xe1\xbd\xb8"},
  {0x1FF9, "\xe1\xbd\xb9"},
  {0x1FFA, "\xe1\xbd\xbc"},
  {0x1FFB, "\xe1\xbd\xbd"},
  {0x1FFC, "\xe1\xbf\xb3"},
  {0x2126, "\xcf\x89"},
  {0x212A, "\x6b"},
  {0x212B, "\xc3\xa5"},
  {0x2132, "\xe2\x85\x8e"},
  {0x2160, "\xe2\x85\xb0"},
  {0x2161, "\xe2\x85\xb1"},
  {0x2162, "\xe2\x85\xb2"},
  {0x2163, "\xe2\x85\xb3"},
  {0x2164, "\xe2\x85\xb4"},
  {0x2165, "\xe2\x85\xb5"},
  {0x2166, "\xe2\x85\xb6"},
  {0x2167, "\xe2\x85\xb7"},
  {0x2168, "\xe2\x85\xb8"},
  {0x2169, "\xe2\x85\xb9"},
  {0x216A, "\xe2\x85\xba"},
  {0x216B, "\xe2\x85\xbb"},
  {0x216C, "\xe2\x85\xbc"},
  {0x216D, "\xe2\x85\xbd"},
  {0x216E, "\xe2\x85\xbe"},
  {0x216F, "\xe2\x85\xbf"},
  {0x2183, "\xe2\x86\x84"},
  {0x24B6, "\xe2\x93\x90"},
  {0x24B7, "\xe2\x93\x91"},
  {0x24B8, "\xe2\x93\x92"},
  {0x24B9, "\xe2\x93\x93"},
  {0x24BA, "\xe2\x93\x94"},
  {0x24BB, "\xe2\x93\x95"},
  {0x24BC, "\xe2\x93\x96"},
  {0x24BD, "\xe2\x93\x97"},
  {0x24BE, "\xe2\x93\x98"},
  {0x24BF, "\xe2\x93\x99"},
  {0x24C0, "\xe2\x93\x9a"},
  {0x24C1, "\xe2\x93\x9b"},
  {0x24C2, "\xe2\x93\x9c"},
  {0x24C3, "\xe2\x93\x9d"},
  {0x24C4, "\xe2\x93\x9e"},
  {0x24C5, "\xe2\x93\x9f"},
  {0x24C6, "\xe2\x93\xa0"},
  {0x24C7, "\xe2\x93\xa1"},
  {0x24C8, "\xe2\x93\xa2"},
  {0x24C9, "\xe2\x93\xa3"},
  {0x24CA, "\xe2\x93\xa4"},
  {0x24CB, "\xe2\x93\xa5"},
  {0x24CC, "\xe2\x93\xa6"},
  {0x24CD, "\xe2\x93\xa7"},
  {0x24CE, "\xe2\x93\xa8"},
  {0x24CF, "\xe2\x93\xa9"},
  {0x2C00, "\xe2\xb0\xb0"},
  {0x2C01, "\xe2\xb0\xb1"},
  {0x2C02, "\xe2\xb0\xb2"},
  {0x2C03, "\xe2\xb0\xb3"},
  {0x2C04, "\xe2\xb0\xb4"},
  {0x2C05, "\xe2\xb0\xb5"},
  {0x2C06, "\xe2\xb0\xb6"},
  {0x2C07, "\xe2\xb0\xb7"},
  {0x2C08, "\xe2\xb0\xb8"},
  {0x2C09, "\xe2\xb0\xb9"},
  {0x2C0A, "\xe2\xb0\xba"},
  {0x2C0B, "\xe2\xb0\xbb"},
  {0x2C0C, "\xe2\xb0\xbc"},
  {0x2C0D, "\xe2\xb0\xbd"},
  {0x2C0E, "\xe2\xb0\xbe"},
  {0x2C0F, "\xe2\xb0\xbf"},
  {0x2C10, "\xe2\xb1\x80"},
  {0x2C11, "\xe2\xb1\x81"},
  {0x2C12, "\xe2\xb1\x82"},
  {0x2C13, "\xe2\xb1\x83"},
  {0x2C14, "\xe2\xb1\x84"},
  {0x2C15, "\xe2\xb1\x85"},
  {0x2C16, "\xe2\xb1\x86"},
  {0x2C17, "\xe2\xb1\x87"},
  {0x2C18, "\xe2\xb1\x88"},
  {0x2C19, "\xe2\xb1\x89"},
  {0x2C1A, "\xe2\xb1\x8a"},
  {0x2C1B, "\xe2\xb1\x8b"},
  {0x2C1C, "\xe2\xb1\x8c"},
  {0x2C1D, "\xe2\xb1\x8d"},
  {0x2C1E, "\xe2\xb1\x8e"},
  {0x2C1F, "\xe2\xb1\x8f"},
  {0x2C20, "\xe2\xb1\x90"},
  {0x2C21, "\xe2\xb1\x91"},
  {0x2C22, "\xe2\xb1\x92"},
  {0x2C23, "\xe2\xb1\x93"},
  {0x2C24, "\xe2\xb1\x94"},
  {0x2C25, "\xe2\xb1\x95"},
  {0x2C26, "\xe2\xb1\x96"},
  {0x2C27, "\xe2\xb1\x97"},
  {0x2C28, "\xe2\xb1\x98"},
  {0x2C29, "\xe2\xb1\x99"},
  {0x2C2A, "\xe2\xb1\x9a"},
  {0x2C2B, "\xe2\xb1\x9b"},
  {0x2C2C, "\xe2\xb1\x9c"},
  {0x2C2D, "\xe2\xb1\x9d"},
  {0x2C2E, "\xe2\xb1\x9e"},
  {0x2C2F, "\xe2\xb1\x9f"},
  {0x2C60, "\xe2\xb1\xa1"},
  {0x2C62, "\xc9\xab"},
  {0x2C63, "\xe1\xb5\xbd"},
  {0x2C64, "\xc9\xbd"},
  {0x2C67, "\xe2\xb1\xa8"},
  {0x2C69, "\xe2\xb1\xaa"},
  {0x2C6B, "\xe2\xb1\xac"},
  {0x2C6D, "\xc9\x91"},
  {0x2C6E, "\xc9\xb1"},
  {0x2C6F, "\xc9\x90"},
  {0x2C70, "\xc9\x92"},
  {0x2C72, "\xe2\xb1\xb3"},
  {0x2C75, "\xe2\xb1\xb6"},
  {0x2C7E, "\xc8\xbf"},
  {0x2C7F, "\xc9\x80"},
  {0x2C80, "\xe2\xb2\x81"},
  {0x2C82, "\xe2\xb2\x83"},
  {0x2C84, "\xe2\xb2\x85"},
  {0x2C86, "\xe2\xb2\x87"},
  {0x2C88, "\xe2\xb2\x89"},
  {0x2C8A, "\xe2\xb2\x8b"},
  {0x2C8C, "\xe2\xb2\x8d"},
  {0x2C8E, "\xe2\xb2\x8f"},
  {0x2C90, "\xe2\xb2\x91"},
  {0x2C92, "\xe2\xb2\x93"},
  {0x2C94, "\xe2\xb2\x95"},
  {0x2C96, "\xe2\xb2\x97"},
  {0x2C98, "\xe2\xb2\x99"},
  {0x2C9A, "\xe2\xb2\x9b"},
  {0x2C9C, "\xe2\xb2\x9d"},
  {0x2C9E, "\xe2\xb2\x9f"},
  {0x2CA0, "\xe2\xb2\xa1"},
  {0x2CA2, "\xe2\xb2\xa3"},
  {0x2CA4, "\xe2\xb2\xa5"},
  {0x2CA6, "\xe2\xb2\xa7"},
  {0x2CA8, "\xe2\xb2\xa9"},
  {0x2CAA, "\xe2\xb2\xab"},
  {0x2CAC, "\xe2\xb2\xad"},
  {0x2CAE, "\xe2\xb2\xaf"},
  {0x2CB0, "\xe2\xb2\xb1"},
  {0x2CB2, "\xe2\xb2\xb3"},
  {0x2CB4, "\xe2\xb2\xb5"},
  {0x2CB6, "\xe2\xb2\xb7"},
  {0x2CB8, "\xe2\xb2\xb9"},
  {0x2CBA, "\xe2\xb2\xbb"},
  {0x2CBC, "\xe2\xb2\xbd"},
  {0x2CBE, "\xe2\xb2\xbf"},
  {0x2CC0, "\xe2\xb3\x81"},
  {0x2CC2, "\xe2\xb3\x83"},
  {0x2CC4, "\xe2\xb3\x85"},
  {0x2CC6, "\xe2\xb3\x87"},
  {0x2CC8, "\xe2\xb3\x89"},
  {0x2CCA, "\xe2\xb3\x8b"},
  {0x2CCC, "\xe2\xb3\x8d"},
  {0x2CCE, "\xe2\xb3\x8f"},
  {0x2CD0, "\xe2\xb3\x91"},
  {0x2CD2, "\xe2\xb3\x93"},
  {0x2CD4, "\xe2\xb3\x95"},
  {0x2CD6, "\xe2\xb3\x97"},
  {0x2CD8, "\xe2\xb3\x99"},
  {0x2CDA, "\xe2\xb3\x9b"},
  {0x2CDC, "\xe2\xb3\x9d"},
  {0x2CDE, "\xe2\xb3\x9f"},
  {0x2CE0, "\xe2\xb3\xa1"},
  {0x2CE2, "\xe2\xb3\xa3"},
  {0x2CEB, "\xe2\xb3\xac"},
  {0x2CED, "\xe2\xb3\xae"},
  {0x2CF2, "\xe2\xb3\xb3"},
  {0xA640, "\xea\x99\x81"},
  {0xA642, "\xea\x99\x83"},
  {0xA644, "\xea\x99\x85"},
  {0xA646, "\xea\x99\x87"},
  {0xA648, "\xea\x99\x89"},
  {0xA64A, "\xea\x99\x8b"},
  {0xA64C, "\xea\x99\x8d"},
  {0xA64E, "\xea\x99\x8f"},
  {0xA650, "\xea\x99\x91"},
  {0xA652, "\xea\x99\x93"},
  {0xA654, "\xea\x99\x95"},
  {0xA656, "\xea\x99\x97"},
  {0xA658, "\xea\x99\x99"},
  {0xA65A, "\xea\x99\x9b"},
  {0xA65C, "\xea\x99\x9d"},
  {0xA65E, "\xea\x99\x9f"},
  {0xA660, "\xea\x99\xa1"},
  {0xA662, "\xea\x99\xa3"},
  {0xA664, "\xea\x99\xa5"},
  {0xA666, "\xea\x99\xa7"},
  {0xA668, "\xea\x99\xa9"},
  {0xA66A, "\xea\x99\xab"},
  {0xA66C, "\xea\x99\xad"},
  {0xA680, "\xea\x9a\x81"},
  {0xA682, "\xea\x9a\x83"},
  {0xA684, "\xea\x9a\x85"},
  {0xA686, "\xea\x9a\x87"},
  {0xA688, "\xea\x9a\x89"},
  {0xA68A, "\xea\x9a\x8b"},
  {0xA68C, "\xea\x9a\x8d"},
  {0xA68E, "\xea\x9a\x8f"},
  {0xA690, "\xea\x9a\x91"},
  {0xA692, "\xea\x9a\x93"},
  {0xA694, "\xea\x9a\x95"},
  {0xA696, "\xea\x9a\x97"},
  {0xA698, "\xea\x9a\x99"},
  {0xA69A, "\xea\x9a\x9b"},
  {0xA722, "\xea\x9c\xa3"},
  {0xA724, "\xea\x9c\xa5"},
  {0xA726, "\xea\x9c\xa7"},
  {0xA728, "\xea\x9c\xa9"},
  {0xA72A, "\xea\x9c\xab"},
  {0xA72C, "\xea\x9c\xad"},
  {0xA72E, "\xea\x9c\xaf"},
  {0xA732, "\xea\x9c\xb3"},
  {0xA734, "\xea\x9c\xb5"},
  {0xA736, "\xea\x9c\xb7"},
  {0xA738, "\xea\x9c\xb9"},
  {0xA73A, "\xea\x9c\xbb"},
  {0xA73C, "\xea\x9c\xbd"},
  {0xA73E, "\xea\x9c\xbf"},
  {0xA740, "\xea\x9d\x81"},
  {0xA742, "\xea\x9d\x83"},
  {0xA744, "\xea\x9d\x85"},
  {0xA746, "\xea\x9d\x87"},
  {0xA748, "\xea\x9d\x89"},
  {0xA74A, "\xea\x9d\x8b"},
  {0xA74C, "\xea\x9d\x8d"},
  {0xA74E, "\xea\x9d\x8f"},
  {0xA750, "\xea\x9d\x91"},
  {0xA752, "\xea\x9d\x93"},
  {0xA754, "\xea\x9d\x95"},
  {0xA756, "\xea\x9d\x97"},
  {0xA758, "\xea\x9d\x99"},
  {0xA75A, "\xea\x9d\x9b"},
  {0xA75C, "\xea\x9d\x9d"},
  {0xA75E, "\xea\x9d\x9f"},
  {0xA760, "\xea\x9d\xa1"},
  {0xA762, "\xea\x9d\xa3"},
  {0xA764, "\xea\x9d\xa5"},
  {0xA766, "\xea\x9d\xa7"},
  {0xA768, "\xea\x9d\xa9"},
  {0xA76A, "\xea\x9d\xab"},
  {0xA76C, "\xea\x9d\xad"},
  {0xA76E, "\xea\x9d\xaf"},
  {0xA779, "\xea\x9d\xba"},
  {0xA77B, "\xea\x9d\xbc"},
  {0xA77D, "\xe1\xb5\xb9"},
  {0xA77E, "\xea\x9d\xbf"},
  {0xA780, "\xea\x9e\x81"},
  {0xA782, "\xea\x9e\x83"},
  {0xA784, "\xea\x9e\x85"},
  {0xA786, "\xea\x9e\x87"},
  {0xA78B, "\xea\x9e\x8c"},
  {0xA78D, "\xc9\xa5"},
  {0xA790, "\xea\x9e\x91"},
  {0xA792, "\xea\x9e\x93"},
  {0xA796, "\xea\x9e\x97"},
  {0xA798, "\xea\x9e\x99"},
  {0xA79A, "\xea\x9e\x9b"},
  {0xA79C, "\xea\x9e\x9d"},
  {0xA79E, "\xea\x9e\x9f"},
  {0xA7A0, "\xea\x9e\xa1"},
  {0xA7A2, "\xea\x9e\xa3"},
  {0xA7A4, "\xea\x9e\xa5"},
  {0xA7A6, "\xea\x9e\xa7"},
  {0xA7A8, "\xea\x9e\xa9"},
  {0xA7AA, "\xc9\xa6"},
  {0xA7AB, "\xc9\x9c"},
  {0xA7AC, "\xc9\xa1"},
  {0xA7AD, "\xc9\xac"},
  {0xA7AE, "\xc9\xaa"},
  {0xA7B0, "\xca\x9e"},
  {0xA7B1, "\xca\x87"},
  {0xA7B2, "\xca\x9d"},
  {0xA7B3, "\xea\xad\x93"},
  {0xA7B4, "\xea\x9e\xb5"},
  {0xA7B6, "\xea\x9e\xb7"},
  {0xA7B8, "\xea\x9e\xb9"},
  {0xA7BA, "\xea\x9e\xbb"},
  {0xA7BC, "\xea\x9e\xbd"},
  {0xA7BE, "\xea\x9e\xbf"},
  {0xA7C0, "\xea\x9f\x81"},
  {0xA7C2, "\xea\x9f\x83"},
  {0xA7C4, "\xea\x9e\x94"},
  {0xA7C5, "\xca\x82"},
  {0xA7C6, "\xe1\xb6\x8e"},
  {0xA7C7, "\xea\x9f\x88"},
  {0xA7C9, "\xea\x9f\x8a"},
  {0xA7D0, "\xea\x9f\x91"},
  {0xA7D6, "\xea\x9f\x97"},
  {0xA7D8, "\xea\x9f\x99"},
  {0xA7F5, "\xea\x9f\xb6"},
  {0xFF21, "\xef\xbd\x81"},
  {0xFF22, "\xef\xbd\x82"},
  {0xFF23, "\xef\xbd\x83"},
  {0xFF24, "\xef\xbd\x84"},
  {0xFF25, "\xef\xbd\x85"},
  {0xFF26, "\xef\xbd\x86"},
  {0xFF27, "\xef\xbd\x87"},
  {0xFF28, "\xef\xbd\x88"},
  {0xFF29, "\xef\xbd\x89"},
  {0xFF2A, "\xef\xbd\x8a"},
  {0xFF2B, "\xef\xbd\x8b"},
  {0xFF2C, "\xef\xbd\x8c"},
  {0xFF2D, "\xef\xbd\x8d"},
  {0xFF2E, "\xef\xbd\x8e"},
  {0xFF2F, "\xef\xbd\x8f"},
  {0xFF30, "\xef\xbd\x90"},
  {0xFF31, "\xef\xbd\x91"},
  {0xFF32, "\xef\xbd\x92"},
  {0xFF33, "\xef\xbd\x93"},
  {0xFF34, "\xef\xbd\x94"},
  {0xFF35, "\xef\xbd\x95"},
  {0xFF36, "\xef\xbd\x96"},
  {0xFF37, "\xef\xbd\x97"},
  {0xFF38, "\xef\xbd\x98"},
  {0xFF39, "\xef\xbd\x99"},
  {0xFF3A, "\xef\xbd\x9a"},
  {0x10400, "\xf0\x90\x90\xa8"},
  {0x10401, "\xf0\x90\x90\xa9"},
  {0x10402, "\xf0\x90\x90\xaa"},
  {0x10403, "\xf0\x90\x90\xab"},
  {0x10404, "\xf0\x90\x90\xac"},
  {0x10405, "\xf0\x90\x90\xad"},
  {0x10406, "\xf0\x90\x90\xae"},
  {0x10407, "\xf0\x90\x90\xaf"},
  {0x10408, "\xf0\x90\x90\xb0"},
  {0x10409, "\xf0\x90\x90\xb1"},
  {0x1040A, "\xf0\x90\x90\xb2"},
  {0x1040B, "\xf0\x90\x90\xb3"},
  {0x1040C, "\xf0\x90\x90\xb4"},
  {0x1040D, "\xf0\x90\x90\xb5"},
  {0x1040E, "\xf0\x90\x90\xb6"},
  {0x1040F, "\xf0\x90\x90\xb7"},
  {0x10410, "\xf0\x90\x90\xb8"},
  {0x10411, "\xf0\x90\x90\xb9"},
  {0x10412, "\xf0\x90\x90\xba"},
  {0x10413, "\xf0\x90\x90\xbb"},
  {0x10414, "\xf0\x90\x90\xbc"},
  {0x10415, "\xf0\x90\x90\xbd"},
  {0x10416, "\xf0\x90\x90\xbe"},
  {0x10417, "\xf0\x90\x90\xbf"},
  {0x10418, "\xf0\x90\x91\x80"},
  {0x10419, "\xf0\x90\x91\x81"},
  {0x1041A, "\xf0\x90\x91\x82"},
  {0x1041B, "\xf0\x90\x91\x83"},
  {0x1041C, "\xf0\x90\x91\x84"},
  {0x1041D, "\xf0\x90\x91\x85"},
  {0x1041E, "\xf0\x90\x91\x86"},
  {0x1041F, "\xf0\x90\x91\x87"},
  {0x10420, "\xf0\x90\x91\x88"},
  {0x10421, "\xf0\x90\x91\x89"},
  {0x10422, "\xf0\x90\x91\x8a"},
  {0x10423, "\xf0\x90\x91\x8b"},
  {0x10424, "\xf0\x90\x91\x8c"},
  {0x10425, "\xf0\x90\x91\x8d"},
  {0x10426, "\xf0\x90\x91\x8e"},
  {0x10427, "\xf0\x90\x91\x8f"},
  {0x104B0, "\xf0\x90\x93\x98"},
  {0x104B1, "\xf0\x90\x93\x99"},
  {0x104B2, "\xf0\x90\x93\x9a"},
  {0x104B3, "\xf0\x90\x93\x9b"},
  {0x104B4, "\xf0\x90\x93\x9c"},
  {0x104B5, "\xf0\x90\x93\x9d"},
  {0x104B6, "\xf0\x90\x93\x9e"},
  {0x104B7, "\xf0\x90\x93\x9f"},
  {0x104B8, "\xf0\x90\x93\xa0"},
  {0x104B9, "\xf0\x90\x93\xa1"},
  {0x104BA, "\xf0\x90\x93\xa2"},
  {0x104BB, "\xf0\x90\x93\xa3"},
  {0x104BC, "\xf0\x90\x93\xa4"},
  {0x104BD, "\xf0\x90\x93\xa5"},
  {0x104BE, "\xf0\x90\x93\xa6"},
  {0x104BF, "\xf0\x90\x93\xa7"},
  {0x104C0, "\xf0\x90\x93\xa8"},
  {0x104C1, "\xf0\x90\x93\xa9"},
  {0x104C2, "\xf0\x90\x93\xaa"},
  {0x104C3, "\xf0\x90\x93\xab"},
  {0x104C4, "\xf0\x90\x93\xac"},
  {0x104C5, "\xf0\x90\x93\xad"},
  {0x104C6, "\xf0\x90\x93\xae"},
  {0x104C7, "\xf0\x90\x93\xaf"},
  {0x104C8, "\xf0\x90\x93\xb0"},
  {0x104C9, "\xf0\x90\x93\xb1"},
  {0x104CA, "\xf0\x90\x93\xb2"},
  {0x104CB, "\xf0\x90\x93\xb3"},
  {0x104CC, "\xf0\x90\x93\xb4"},
  {0x104CD, "\xf0\x90\x93\xb5"},
  {0x104CE, "\xf0\x90\x93\xb6"},
  {0x104CF, "\xf0\x90\x93\xb7"},
  {0x104D0, "\xf0\x90\x93\xb8"},
  {0x104D1, "\xf0\x90\x93\xb9"},
  {0x104D2, "\xf0\x90\x93\xba"},
  {0x104D3, "\xf0\x90\x93\xbb"},
  {0x10570, "\xf0\x90\x96\x97"},
  {0x10571, "\xf0\x90\x96\x98"},
  {0x10572, "\xf0\x90\x96\x99"},
  {0x10573, "\xf0\x90\x96\x9a"},
  {0x10574, "\xf0\x90\x96\x9b"},
  {0x10575, "\xf0\x90\x96\x9c"},
  {0x10576, "\xf0\x90\x96\x9d"},
  {0x10577, "\xf0\x90\x96\x9e"},
  {0x10578, "\xf0\x90\x96\x9f"},
  {0x10579, "\xf0\x90\x96\xa0"},
  {0x1057A, "\xf0\x90\x96\xa1"},
  {0x1057C, "\xf0\x90\x96\xa3"},
  {0x1057D, "\xf0\x90\x96\xa4"},
  {0x1057E, "\xf0\x90\x96\xa5"},
  {0x1057F, "\xf0\x90\x96\xa6"},
  {0x10580, "\xf0\x90\x96\xa7"},
  {0x10581, "\xf0\x90\x96\xa8"},
  {0x10582, "\xf0\x90\x96\xa9"},
  {0x10583, "\xf0\x90\x96\xaa"},
  {0x10584, "\xf0\x90\x96\xab"},
  {0x10585, "\xf0\x90\x96\xac"},
  {0x10586, "\xf0\x90\x96\xad"},
  {0x10587, "\xf0\x90\x96\xae"},
  {0x10588, "\xf0\x90\x96\xaf"},
  {0x10589, "\xf0\x90\x96\xb0"},
  {0x1058A, "\xf0\x90\x96\xb1"},
  {0x1058C, "\xf0\x90\x96\xb3"},
  {0x1058D, "\xf0\x90\x96\xb4"},
  {0x1058E, "\xf0\x90\x96\xb5"},
  {0x1058F, "\xf0\x90\x96\xb6"},
  {0x10590, "\xf0\x90\x96\xb7"},
  {0x10591, "\xf0\x90\x96\xb8"},
  {0x10592, "\xf0\x90\x96\xb9"},
  {0x10594, "\xf0\x90\x96\xbb"},
  {0x10595, "\xf0\x90\x96\xbc"},
  {0x10C80, "\xf0\x90\xb3\x80"},
  {0x10C81, "\xf0\x90\xb3\x81"},
  {0x10C82, "\xf0\x90\xb3\x82"},
  {0x10C83, "\xf0\x90\xb3\x83"},
  {0x10C84, "\xf0\x90\xb3\x84"},
  {0x10C85, "\xf0\x90\xb3\x85"},
  {0x10C86, "\xf0\x90\xb3\x86"},
  {0x10C87, "\xf0\x90\xb3\x87"},
  {0x10C88, "\xf0\x90\xb3\x88"},
  {0x10C89, "\xf0\x90\xb3\x89"},
  {0x10C8A, "\xf0\x90\xb3\x8a"},
  {0x10C8B, "\xf0\x90\xb3\x8b"},
  {0x10C8C, "\xf0\x90\xb3\x8c"},
  {0x10C8D, "\xf0\x90\xb3\x8d"},
  {0x10C8E, "\xf0\x90\xb3\x8e"},
  {0x10C8F, "\xf0\x90\xb3\x8f"},
  {0x10C90, "\xf0\x90\xb3\x90"},
  {0x10C91, "\xf0\x90\xb3\x91"},
  {0x10C92, "\xf0\x90\xb3\x92"},
  {0x10C93, "\xf0\x90\xb3\x93"},
  {0x10C94, "\xf0\x90\xb3\x94"},
  {0x10C95, "\xf0\x90\xb3\x95"},
  {0x10C96, "\xf0\x90\xb3\x96"},
  {0x10C97, "\xf0\x90\xb3\x97"},
  {0x10C98, "\xf0\x90\xb3\x98"},
  {0x10C99, "\xf0\x90\xb3\x99"},
  {0x10C9A, "\xf0\x90\xb3\x9a"},
  {0x10C9B, "\xf0\x90\xb3\x9b"},
  {0x10C9C, "\xf0\x90\xb3\x9c"},
  {0x10C9D, "\xf0\x90\xb3\x9d"},
  {0x10C9E, "\xf0\x90\xb3\x9e"},
  {0x10C9F, "\xf0\x90\xb3\x9f"},
  {0x10CA0, "\xf0\x90\xb3\xa0"},
  {0x10CA1, "\xf0\x90\xb3\xa1"},
  {0x10CA2, "\xf0\x90\xb3\xa2"},
  {0x10CA3, "\xf0\x90\xb3\xa3"},
  {0x10CA4, "\xf0\x90\xb3\xa4"},
  {0x10CA5, "\xf0\x90\xb3\xa5"},
  {0x10CA6, "\xf0\x90\xb3\xa6"},
  {0x10CA7, "\xf0\x90\xb3\xa7"},
  {0x10CA8, "\xf0\x90\xb3\xa8"},
  {0x10CA9, "\xf0\x90\xb3\xa9"},
  {0x10CAA, "\xf0\x90\xb3\xaa"},
  {0x10CAB, "\xf0\x90\xb3\xab"},
  {0x10CAC, "\xf0\x90\xb3\xac"},
  {0x10CAD, "\xf0\x90\xb3\xad"},
  {0x10CAE, "\xf0\x90\xb3\xae"},
  {0x10CAF, "\xf0\x90\xb3\xaf"},
  {0x10CB0, "\xf0\x90\xb3\xb0"},
  {0x10CB1, "\xf0\x90\xb3\xb1"},
  {0x10CB2, "\xf0\x90\xb3\xb2"},
  {0x118A0, "\xf0\x91\xa3\x80"},
  {0x118A1, "\xf0\x91\xa3\x81"},
  {0x118A2, "\xf0\x91\xa3\x82"},
  {0x118A3, "\xf0\x91\xa3\x83"},
  {0x118A4, "\xf0\x91\xa3\x84"},
  {0x118A5, "\xf0\x91\xa3\x85"},
  {0x118A6, "\xf0\x91\xa3\x86"},
  {0x118A7, "\xf0\x91\xa3\x87"},
  {0x118A8, "\xf0\x91\xa3\x88"},
  {0x118A9, "\xf0\x91\xa3\x89"},
  {0x118AA, "\xf0\x91\xa3\x8a"},
  {0x118AB, "\xf0\x91\xa3\x8b"},
  {0x118AC, "\xf0\x91\xa3\x8c"},
  {0x118AD, "\xf0\x91\xa3\x8d"},
  {0x118AE, "\xf0\x91\xa3\x8e"},
  {0x118AF, "\xf0\x91\xa3\x8f"},
  {0x118B0, "\xf0\x91\xa3\x90"},
  {0x118B1, "\xf0\x91\xa3\x91"},
  {0x118B2, "\xf0\x91\xa3\x92"},
  {0x118B3, "\xf0\x91\xa3\x93"},
  {0x118B4, "\xf0\x91\xa3\x94"},
  {0x118B5, "\xf0\x91\xa3\x95"},
  {0x118B6, "\xf0\x91\xa3\x96"},
  {0x118B7, "\xf0\x91\xa3\x97"},
  {0x118B8, "\xf0\x91\xa3\x98"},
  {0x118B9, "\xf0\x91\xa3\x99"},
  {0x118BA, "\xf0\x91\xa3\x9a"},
  {0x118BB, "\xf0\x91\xa3\x9b"},
  {0x118BC, "\xf0\x91\xa3\x9c"},
  {0x118BD, "\xf0\x91\xa3\x9d"},
  {0x118BE, "\xf0\x91\xa3\x9e"},
  {0x118BF, "\xf0\x91\xa3\x9f"},
  {0x16E40, "\xf0\x96\xb9\xa0"},
  {0x16E41, "\xf0\x96\xb9\xa1"},
  {0x16E42, "\xf0\x96\xb9\xa2"},
  {0x16E43, "\xf0\x96\xb9\xa3"},
  {0x16E44, "\xf0\x96\xb9\xa4"},
  {0x16E45, "\xf0\x96\xb9\xa5"},
  {0x16E46, "\xf0\x96\xb9\xa6"},
  {0x16E47, "\xf0\x96\xb9\xa7"},
  {0x16E48, "\xf0\x96\xb9\xa8"},
  {0x16E49, "\xf0\x96\xb9\xa9"},
  {0x16E4A, "\xf0\x96\xb9\xaa"},
  {0x16E4B, "\xf0\x96\xb9\xab"},
  {0x16E4C, "\xf0\x96\xb9\xac"},
  {0x16E4D, "\xf0\x96\xb9\xad"},
  {0x16E4E, "\xf0\x96\xb9\xae"},
  {0x16E4F, "\xf0\x96\xb9\xaf"},
  {0x16E50, "\xf0\x96\xb9\xb0"},
  {0x16E51, "\xf0\x96\xb9\xb1"},
  {0x16E52, "\xf0\x96\xb9\xb2"},
  {0x16E53, "\xf0\x96\xb9\xb3"},
  {0x16E54, "\xf0\x96\xb9\xb4"},
  {0x16E55, "\xf0\x96\xb9\xb5"},
  {0x16E56, "\xf0\x96\xb9\xb6"},
  {0x16E57, "\xf0\x96\xb9\xb7"},
  {0x16E58, "\xf0\x96\xb9\xb8"},
  {0x16E59, "\xf0\x96\xb9\xb9"},
  {0x16E5A, "\xf0\x96\xb9\xba"},
  {0x16E5B, "\xf0\x96\xb9\xbb"},
  {0x16E5C, "\xf0\x96\xb9\xbc"},
  {0x16E5D, "\xf0\x96\xb9\xbd"},
  {0x16E5E, "\xf0\x96\xb9\xbe"},
  {0x16E5F, "\xf0\x96\xb9\xbf"},
  {0x1E900, "\xf0\x9e\xa4\xa2"},
  {0x1E901, "\xf0\x9e\xa4\xa3"},
  {0x1E902, "\xf0\x9e\xa4\xa4"},
  {0x1E903, "\xf0\x9e\xa4\xa5"},
  {0x1E904, "\xf0\x9e\xa4\xa6"},
  {0x1E905, "\xf0\x9e\xa4\xa7"},
  {0x1E906, "\xf0\x9e\xa4\xa8"},
  {0x1E907, "\xf0\x9e\xa4\xa9"},
  {0x1E908, "\xf0\x9e\xa4\xaa"},
  {0x1E909, "\xf0\x9e\xa4\xab"},
  {0x1E90A, "\xf0\x9e\xa4\xac"},
  {0x1E90B, "\xf0\x9e\xa4\xad"},
  {0x1E90C, "\xf0\x9e\xa4\xae"},
  {0x1E90D, "\xf0\x9e\xa4\xaf"},
  {0x1E90E, "\xf0\x9e\xa4\xb0"},
  {0x1E90F, "\xf0\x9e\xa4\xb1"},
  {0x1E910, "\xf0\x9e\xa4\xb2"},
  {0x1E911, "\xf0\x9e\xa4\xb3"},
  {0x1E912, "\xf0\x9e\xa4\xb4"},
  {0x1E913, "\xf0\x9e\xa4\xb5"},
  {0x1E914, "\xf0\x9e\xa4\xb6"},
  {0x1E915, "\xf0\x9e\xa4\xb7"},
  {0x1E916, "\xf0\x9e\xa4\xb8"},
  {0x1E917, "\xf0\x9e\xa4\xb9"},
  {0x1E918, "\xf0\x9e\xa4\xba"},
  {0x1E919, "\xf0\x9e\xa4\xbb"},
  {0x1E91A, "\xf0\x9e\xa4\xbc"},
  {0x1E91B, "\xf0\x9e\xa4\xbd"},
  {0x1E91C, "\xf0\x9e\xa4\xbe"},
  {0x1E91D, "\xf0\x9e\xa4\xbf"},
  {0x1E91E, "\xf0\x9e\xa5\x80"},
  {0x1E91F, "\xf0\x9e\xa5\x81"},
  {0x1E920, "\xf0\x9e\xa5\x82"},
  {0x1E921, "\xf0\x9e\xa5\x83"},
};
static const uint64_t pd_upper_blk[272] = {0x7FE7FE,0xFF64000000008008,0x1F000000080060,0x0,0x0,0x0,0x0,0x0,0x0,0x0,0x6000F6000000,0x0,0x0,0x0,0x0,0x2000100000000000,0x80000004B0000,0x800000000,0x0,0x0,0x0,0x0,0x200000000000000,0x0,0x0,0x0,0x0,0x0,0x0,0x0,0x3000000000,0x0,0x0,0x0,0x0,0x0,0x0,0x0,0x0,0x0,0x0,0x0,0x0,0x0,0x0,0x0,0x0,0x0,0x0,0x0,0x0,0x0,0x0,0x0,0x0,0x0,0x0,0x0,0x0,0x0,0x0,0x0,0x0,0x0,0x0,0x0,0x0,0x0,0x0,0x0,0x0,0x0,0x0,0x0,0x0,0x0,0x0,0x0,0x0,0x0,0x0,0x0,0x0,0x0,0x0,0x0,0x0,0x0,0x0,0x0,0x0,0x0,0x0,0x0,0x0,0x0,0x0,0x0,0x0,0x0,0x0,0x0,0x0,0x0,0x0,0x0,0x0,0x0,0x0,0x0,0x0,0x0,0x0,0x0,0x0,0x0,0x0,0x0,0x0,0x0,0x0,0x0,0x0,0x0,0x0,0x0,0x0,0x0,0x0,0x0,0x0,0x0,0x0,0x0,0x0,0x0,0x0,0x0,0x0,0x0,0x0,0x0,0x0,0x0,0x0,0x0,0x0,0x0,0x0,0x0,0x0,0x0,0x0,0x0,0x0,0x0,0x0,0x0,0x0,0x0,0x0,0x0,0x0,0x0,0x0,0x0,0x0,0x0,0x0,0x0,0x0,0x0,0x0,0x0,0x0,0x0,0x0,0x0,0x0,0x0,0x0,0x0,0x0,0x0,0x0,0x0,0x0,0x0,0x0,0x0,0x0,0x0,0x0,0x0,0x0,0x0,0x0,0x0,0x0,0x0,0x0,0x0,0x0,0x0,0x0,0x0,0x0,0x0,0x0,0x0,0x0,0x0,0x0,0x0,0x0,0x0,0x0,0x0,0x0,0x0,0x0,0x0,0x0,0x0,0x0,0x0,0x0,0x0,0x0,0x0,0x0,0x0,0x0,0x0,0x0,0x0,0x0,0x0,0x0,0x0,0x0,0x0,0x0,0x0,0x0,0x0,0x0,0x0,0x0,0x0,0x0,0x0,0x0,0x0,0x0,0x0,0x0,0x0,0x0,0x0,0x0,0x0,0x0,0x0,0x0,0x0,0x0,0x0,0x0,0x0,0x0,0x0};
static const uint64_t pd_lower_blk[272] = {0x3FE3FA,0xFF0400000000C00C,0xF0000000C0070,0x0,0x0,0x0,0x0,0x0,0x0,0x0,0xF6000000,0x0,0x0,0x0,0x0,0x1000000000000000,0x40000006D0000,0x400000000,0x0,0x0,0x0,0x0,0x200000000000000,0x0,0x0,0x0,0x0,0x0,0x0,0x0,0x1000000000,0x0,0x0,0x0,0x0,0x0,0x0,0x0,0x0,0x0,0x0,0x0,0x0,0x0,0x0,0x0,0x0,0x0,0x0,0x0,0x0,0x0,0x0,0x0,0x0,0x0,0x0,0x0,0x0,0x0,0x0,0x0,0x0,0x0,0x0,0x0,0x0,0x0,0x0,0x0,0x0,0x0,0x0,0x0,0x0,0x0,0x0,0x0,0x0,0x0,0x0,0x0,0x0,0x0,0x0,0x0,0x0,0x0,0x0,0x0,0x0,0x0,0x0,0x0,0x0,0x0,0x0,0x0,0x0,0x0,0x0,0x0,0x0,0x0,0x0,0x0,0x0,0x0,0x0,0x0,0x0,0x0,0x0,0x0,0x0,0x0,0x0,0x0,0x0,0x0,0x0,0x0,0x0,0x0,0x0,0x0,0x0,0x0,0x0,0x0,0x0,0x0,0x0,0x0,0x0,0x0,0x0,0x0,0x0,0x0,0x0,0x0,0x0,0x0,0x0,0x0,0x0,0x0,0x0,0x0,0x0,0x0,0x0,0x0,0x0,0x0,0x0,0x0,0x0,0x0,0x0,0x0,0x0,0x0,0x0,0x0,0x0,0x0,0x0,0x0,0x0,0x0,0x0,0x0,0x0,0x0,0x0,0x0,0x0,0x0,0x0,0x0,0x0,0x0,0x0,0x0,0x0,0x0,0x0,0x0,0x0,0x0,0x0,0x0,0x0,0x0,0x0,0x0,0x0,0x0,0x0,0x0,0x0,0x0,0x0,0x0,0x0,0x0,0x0,0x0,0x0,0x0,0x0,0x0,0x0,0x0,0x0,0x0,0x0,0x0,0x0,0x0,0x0,0x0,0x0,0x0,0x0,0x0,0x0,0x0,0x0,0x0,0x0,0x0,0x0,0x0,0x0,0x0,0x0,0x0,0x0,0x0,0x0,0x0,0x0,0x0,0x0,0x0,0x0,0x0,0x0,0x0,0x0,0x0,0x0,0x0,0x0,0x0,0x0,0x0,0x0,0x0,0x0,0x0,0x0,0x0,0x0,0x0,0x0,0x0,0x0,0x0};
static const uint32_t pd_space_tab[][2] = {
  {0x9, 0xD},
  {0x1C, 0x20},
  {0x85, 0x85},
  {0xA0, 0xA0},
  {0x1680, 0x1680},
  {0x2000, 0x200A},
  {0x2028, 0x2029},
  {0x202F, 0x202F},
  {0x205F, 0x205F},
  {0x3000, 0x3000},
};
static const uint32_t pd_noprint_tab[][2] = {
  {0x0, 0x1F},
  {0x7F, 0xA0},
  {0xAD, 0xAD},
  {0x378, 0x379},
  {0x380, 0x383},
  {0x38B, 0x38B},
  {0x38D, 0x38D},
  {0x3A2, 0x3A2},
  {0x530, 0x530},
  {0x557, 0x558},
  {0x58B, 0x58C},
  {0x590, 0x590},
  {0x5C8, 0x5CF},
  {0x5EB, 0x5EE},
  {0x5F5, 0x605},
  {0x61C, 0x61C},
  {0x6DD, 0x6DD},
  {0x70E, 0x70F},
  {0x74B, 0x74C},
  {0x7B2, 0x7BF},
  {0x7FB, 0x7FC},
  {0x82E, 0x82F},
  {0x83F, 0x83F},
  {0x85C, 0x85D},
  {0x85F, 0x85F},
  {0x86B, 0x86F},
  {0x88F, 0x897},
  {0x8E2, 0x8E2},
  {0x984, 0x984},
  {0x98D, 0x98E},
  {0x991, 0x992},
  {0x9A9, 0x9A9},
  {0x9B1, 0x9B1},
  {0x9B3, 0x9B5},
  {0x9BA, 0x9BB},
  {0x9C5, 0x9C6},
  {0x9C9, 0x9CA},
  {0x9CF, 0x9D6},
  {0x9D8, 0x9DB},
  {0x9DE, 0x9DE},
  {0x9E4, 0x9E5},
  {0x9FF, 0xA00},
  {0xA04, 0xA04},
  {0xA0B, 0xA0E},
  {0xA11, 0xA12},
  {0xA29, 0xA29},
  {0xA31, 0xA31},
  {0xA34, 0xA34},
  {0xA37, 0xA37},
  {0xA3A, 0xA3B},
  {0xA3D, 0xA3D},
  {0xA43, 0xA46},
  {0xA49, 0xA4A},
  {0xA4E, 0xA50},
  {0xA52, 0xA58},
  {0xA5D, 0xA5D},
  {0xA5F, 0xA65},
  {0xA77, 0xA80},
  {0xA84, 0xA84},
  {0xA8E, 0xA8E},
  {0xA92, 0xA92},
  {0xAA9, 0xAA9},
  {0xAB1, 0xAB1},
  {0xAB4, 0xAB4},
  {0xABA, 0xABB},
  {0xAC6, 0xAC6},
  {0xACA, 0xACA},
  {0xACE, 0xACF},
  {0xAD1, 0xADF},
  {0xAE4, 0xAE5},
  {0xAF2, 0xAF8},
  {0xB00, 0xB00},
  {0xB04, 0xB04},
  {0xB0D, 0xB0E},
  {0xB11, 0xB12},
  {0xB29, 0xB29},
  {0xB31, 0xB31},
  {0xB34, 0xB34},
  {0xB3A, 0xB3B},
  {0xB45, 0xB46},
  {0xB49, 0xB4A},
  {0xB4E, 0xB54},
  {0xB58, 0xB5B},
  {0xB5E, 0xB5E},
  {0xB64, 0xB65},
  {0xB78, 0xB81},
  {0xB84, 0xB84},
  {0xB8B, 0xB8D},
  {0xB91, 0xB91},
  {0xB96, 0xB98},
  {0xB9B, 0xB9B},
  {0xB9D, 0xB9D},
  {0xBA0, 0xBA2},
  {0xBA5, 0xBA7},
  {0xBAB, 0xBAD},
  {0xBBA, 0xBBD},
  {0xBC3, 0xBC5},
  {0xBC9, 0xBC9},
  {0xBCE, 0xBCF},
  {0xBD1, 0xBD6},
  {0xBD8, 0xBE5},
  {0xBFB, 0xBFF},
  {0xC0D, 0xC0D},
  {0xC11, 0xC11},
  {0xC29, 0xC29},
  {0xC3A, 0xC3B},
  {0xC45, 0xC45},
  {0xC49, 0xC49},
  {0xC4E, 0xC54},
  {0xC57, 0xC57},
  {0xC5B, 0xC5C},
  {0xC5E, 0xC5F},
  {0xC64, 0xC65},
  {0xC70, 0xC76},
  {0xC8D, 0xC8D},
  {0xC91, 0xC91},
  {0xCA9, 0xCA9},
  {0xCB4, 0xCB4},
  {0xCBA, 0xCBB},
  {0xCC5, 0xCC5},
  {0xCC9, 0xCC9},
  {0xCCE, 0xCD4},
  {0xCD7, 0xCDC},
  {0xCDF, 0xCDF},
  {0xCE4, 0xCE5},
  {0xCF0, 0xCF0},
  {0xCF4, 0xCFF},
  {0xD0D, 0xD0D},
  {0xD11, 0xD11},
  {0xD45, 0xD45},
  {0xD49, 0xD49},
  {0xD50, 0xD53},
  {0xD64, 0xD65},
  {0xD80, 0xD80},
  {0xD84, 0xD84},
  {0xD97, 0xD99},
  {0xDB2, 0xDB2},
  {0xDBC, 0xDBC},
  {0xDBE, 0xDBF},
  {0xDC7, 0xDC9},
  {0xDCB, 0xDCE},
  {0xDD5, 0xDD5},
  {0xDD7, 0xDD7},
  {0xDE0, 0xDE5},
  {0xDF0, 0xDF1},
  {0xDF5, 0xE00},
  {0xE3B, 0xE3E},
  {0xE5C, 0xE80},
  {0xE83, 0xE83},
  {0xE85, 0xE85},
  {0xE8B, 0xE8B},
  {0xEA4, 0xEA4},
  {0xEA6, 0xEA6},
  {0xEBE, 0xEBF},
  {0xEC5, 0xEC5},
  {0xEC7, 0xEC7},
  {0xECF, 0xECF},
  {0xEDA, 0xEDB},
  {0xEE0, 0xEFF},
  {0xF48, 0xF48},
  {0xF6D, 0xF70},
  {0xF98, 0xF98},
  {0xFBD, 0xFBD},
  {0xFCD, 0xFCD},
  {0xFDB, 0xFFF},
  {0x10C6, 0x10C6},
  {0x10C8, 0x10CC},
  {0x10CE, 0x10CF},
  {0x1249, 0x1249},
  {0x124E, 0x124F},
  {0x1257, 0x1257},
  {0x1259, 0x1259},
  {0x125E, 0x125F},
  {0x1289, 0x1289},
  {0x128E, 0x128F},
  {0x12B1, 0x12B1},
  {0x12B6, 0x12B7},
  {0x12BF, 0x12BF},
  {0x12C1, 0x12C1},
  {0x12C6, 0x12C7},
  {0x12D7, 0x12D7},
  {0x1311, 0x1311},
  {0x1316, 0x1317},
  {0x135B, 0x135C},
  {0x137D, 0x137F},
  {0x139A, 0x139F},
  {0x13F6, 0x13F7},
  {0x13FE, 0x13FF},
  {0x1680, 0x1680},
  {0x169D, 0x169F},
  {0x16F9, 0x16FF},
  {0x1716, 0x171E},
  {0x1737, 0x173F},
  {0x1754, 0x175F},
  {0x176D, 0x176D},
  {0x1771, 0x1771},
  {0x1774, 0x177F},
  {0x17DE, 0x17DF},
  {0x17EA, 0x17EF},
  {0x17FA, 0x17FF},
  {0x180E, 0x180E},
  {0x181A, 0x181F},
  {0x1879, 0x187F},
  {0x18AB, 0x18AF},
  {0x18F6, 0x18FF},
  {0x191F, 0x191F},
  {0x192C, 0x192F},
  {0x193C, 0x193F},
  {0x1941, 0x1943},
  {0x196E, 0x196F},
  {0x1975, 0x197F},
  {0x19AC, 0x19AF},
  {0x19CA, 0x19CF},
  {0x19DB, 0x19DD},
  {0x1A1C, 0x1A1D},
  {0x1A5F, 0x1A5F},
  {0x1A7D, 0x1A7E},
  {0x1A8A, 0x1A8F},
  {0x1A9A, 0x1A9F},
  {0x1AAE, 0x1AAF},
  {0x1ACF, 0x1AFF},
  {0x1B4D, 0x1B4F},
  {0x1B7F, 0x1B7F},
  {0x1BF4, 0x1BFB},
  {0x1C38, 0x1C3A},
  {0x1C4A, 0x1C4C},
  {0x1C89, 0x1C8F},
  {0x1CBB, 0x1CBC},
  {0x1CC8, 0x1CCF},
  {0x1CFB, 0x1CFF},
  {0x1F16, 0x1F17},
  {0x1F1E, 0x1F1F},
  {0x1F46, 0x1F47},
  {0x1F4E, 0x1F4F},
  {0x1F58, 0x1F58},
  {0x1F5A, 0x1F5A},
  {0x1F5C, 0x1F5C},
  {0x1F5E, 0x1F5E},
  {0x1F7E, 0x1F7F},
  {0x1FB5, 0x1FB5},
  {0x1FC5, 0x1FC5},
  {0x1FD4, 0x1FD5},
  {0x1FDC, 0x1FDC},
  {0x1FF0, 0x1FF1},
  {0x1FF5, 0x1FF5},
  {0x1FFF, 0x200F},
  {0x2028, 0x202F},
  {0x205F, 0x206F},
  {0x2072, 0x2073},
  {0x208F, 0x208F},
  {0x209D, 0x209F},
  {0x20C1, 0x20CF},
  {0x20F1, 0x20FF},
  {0x218C, 0x218F},
  {0x2427, 0x243F},
  {0x244B, 0x245F},
  {0x2B74, 0x2B75},
  {0x2B96, 0x2B96},
  {0x2CF4, 0x2CF8},
  {0x2D26, 0x2D26},
  {0x2D28, 0x2D2C},
  {0x2D2E, 0x2D2F},
  {0x2D68, 0x2D6E},
  {0x2D71, 0x2D7E},
  {0x2D97, 0x2D9F},
  {0x2DA7, 0x2DA7},
  {0x2DAF, 0x2DAF},
  {0x2DB7, 0x2DB7},
  {0x2DBF, 0x2DBF},
  {0x2DC7, 0x2DC7},
  {0x2DCF, 0x2DCF},
  {0x2DD7, 0x2DD7},
  {0x2DDF, 0x2DDF},
  {0x2E5E, 0x2E7F},
  {0x2E9A, 0x2E9A},
  {0x2EF4, 0x2EFF},
  {0x2FD6, 0x2FEF},
  {0x3000, 0x3000},
  {0x3040, 0x3040},
  {0x3097, 0x3098},
  {0x3100, 0x3104},
  {0x3130, 0x3130},
  {0x318F, 0x318F},
  {0x31E4, 0x31EE},
  {0x321F, 0x321F},
  {0xA48D, 0xA48F},
  {0xA4C7, 0xA4CF},
  {0xA62C, 0xA63F},
  {0xA6F8, 0xA6FF},
  {0xA7CB, 0xA7CF},
  {0xA7D2, 0xA7D2},
  {0xA7D4, 0xA7D4},
  {0xA7DA, 0xA7F1},
  {0xA82D, 0xA82F},
  {0xA83A, 0xA83F},
  {0xA878, 0xA87F},
  {0xA8C6, 0xA8CD},
  {0xA8DA, 0xA8DF},
  {0xA954, 0xA95E},
  {0xA97D, 0xA97F},
  {0xA9CE, 0xA9CE},
  {0xA9DA, 0xA9DD},
  {0xA9FF, 0xA9FF},
  {0xAA37, 0xAA3F},
  {0xAA4E, 0xAA4F},
  {0xAA5A, 0xAA5B},
  {0xAAC3, 0xAADA},
  {0xAAF7, 0xAB00},
  {0xAB07, 0xAB08},
  {0xAB0F, 0xAB10},
  {0xAB17, 0xAB1F},
  {0xAB27, 0xAB27},
  {0xAB2F, 0xAB2F},
  {0xAB6C, 0xAB6F},
  {0xABEE, 0xABEF},
  {0xABFA, 0xABFF},
  {0xD7A4, 0xD7AF},
  {0xD7C7, 0xD7CA},
  {0xD7FC, 0xD7FF},
  {0xE000, 0xF8FF},
  {0xFA6E, 0xFA6F},
  {0xFADA, 0xFAFF},
  {0xFB07, 0xFB12},
  {0xFB18, 0xFB1C},
  {0xFB37, 0xFB37},
  {0xFB3D, 0xFB3D},
  {0xFB3F, 0xFB3F},
  {0xFB42, 0xFB42},
  {0xFB45, 0xFB45},
  {0xFBC3, 0xFBD2},
  {0xFD90, 0xFD91},
  {0xFDC8, 0xFDCE},
  {0xFDD0, 0xFDEF},
  {0xFE1A, 0xFE1F},
  {0xFE53, 0xFE53},
  {0xFE67, 0xFE67},
  {0xFE6C, 0xFE6F},
  {0xFE75, 0xFE75},
  {0xFEFD, 0xFF00},
  {0xFFBF, 0xFFC1},
  {0xFFC8, 0xFFC9},
  {0xFFD0, 0xFFD1},
  {0xFFD8, 0xFFD9},
  {0xFFDD, 0xFFDF},
  {0xFFE7, 0xFFE7},
  {0xFFEF, 0xFFFB},
  {0xFFFE, 0xFFFF},
  {0x1000C, 0x1000C},
  {0x10027, 0x10027},
  {0x1003B, 0x1003B},
  {0x1003E, 0x1003E},
  {0x1004E, 0x1004F},
  {0x1005E, 0x1007F},
  {0x100FB, 0x100FF},
  {0x10103, 0x10106},
  {0x10134, 0x10136},
  {0x1018F, 0x1018F},
  {0x1019D, 0x1019F},
  {0x101A1, 0x101CF},
  {0x101FE, 0x1027F},
  {0x1029D, 0x1029F},
  {0x102D1, 0x102DF},
  {0x102FC, 0x102FF},
  {0x10324, 0x1032C},
  {0x1034B, 0x1034F},
  {0x1037B, 0x1037F},
  {0x1039E, 0x1039E},
  {0x103C4, 0x103C7},
  {0x103D6, 0x103FF},
  {0x1049E, 0x1049F},
  {0x104AA, 0x104AF},
  {0x104D4, 0x104D7},
  {0x104FC, 0x104FF},
  {0x10528, 0x1052F},
  {0x10564, 0x1056E},
  {0x1057B, 0x1057B},
  {0x1058B, 0x1058B},
  {0x10593, 0x10593},
  {0x10596, 0x10596},
  {0x105A2, 0x105A2},
  {0x105B2, 0x105B2},
  {0x105BA, 0x105BA},
  {0x105BD, 0x105FF},
  {0x10737, 0x1073F},
  {0x10756, 0x1075F},
  {0x10768, 0x1077F},
  {0x10786, 0x10786},
  {0x107B1, 0x107B1},
  {0x107BB, 0x107FF},
  {0x10806, 0x10807},
  {0x10809, 0x10809},
  {0x10836, 0x10836},
  {0x10839, 0x1083B},
  {0x1083D, 0x1083E},
  {0x10856, 0x10856},
  {0x1089F, 0x108A6},
  {0x108B0, 0x108DF},
  {0x108F3, 0x108F3},
  {0x108F6, 0x108FA},
  {0x1091C, 0x1091E},
  {0x1093A, 0x1093E},
  {0x10940, 0x1097F},
  {0x109B8, 0x109BB},
  {0x109D0, 0x109D1},
  {0x10A04, 0x10A04},
  {0x10A07, 0x10A0B},
  {0x10A14, 0x10A14},
  {0x10A18, 0x10A18},
  {0x10A36, 0x10A37},
  {0x10A3B, 0x10A3E},
  {0x10A49, 0x10A4F},
  {0x10A59, 0x10A5F},
  {0x10AA0, 0x10ABF},
  {0x10AE7, 0x10AEA},
  {0x10AF7, 0x10AFF},
  {0x10B36, 0x10B38},
  {0x10B56, 0x10B57},
  {0x10B73, 0x10B77},
  {0x10B92, 0x10B98},
  {0x10B9D, 0x10BA8},
  {0x10BB0, 0x10BFF},
  {0x10C49, 0x10C7F},
  {0x10CB3, 0x10CBF},
  {0x10CF3, 0x10CF9},
  {0x10D28, 0x10D2F},
  {0x10D3A, 0x10E5F},
  {0x10E7F, 0x10E7F},
  {0x10EAA, 0x10EAA},
  {0x10EAE, 0x10EAF},
  {0x10EB2, 0x10EFC},
  {0x10F28, 0x10F2F},
  {0x10F5A, 0x10F6F},
  {0x10F8A, 0x10FAF},
  {0x10FCC, 0x10FDF},
  {0x10FF7, 0x10FFF},
  {0x1104E, 0x11051},
  {0x11076, 0x1107E},
  {0x110BD, 0x110BD},
  {0x110C3, 0x110CF},
  {0x110E9, 0x110EF},
  {0x110FA, 0x110FF},
  {0x11135, 0x11135},
  {0x11148, 0x1114F},
  {0x11177, 0x1117F},
  {0x111E0, 0x111E0},
  {0x111F5, 0x111FF},
  {0x11212, 0x11212},
  {0x11242, 0x1127F},
  {0x11287, 0x11287},
  {0x11289, 0x11289},
  {0x1128E, 0x1128E},
  {0x1129E, 0x1129E},
  {0x112AA, 0x112AF},
  {0x112EB, 0x112EF},
  {0x112FA, 0x112FF},
  {0x11304, 0x11304},
  {0x1130D, 0x1130E},
  {0x11311, 0x11312},
  {0x11329, 0x11329},
  {0x11331, 0x11331},
  {0x11334, 0x11334},
  {0x1133A, 0x1133A},
  {0x11345, 0x11346},
  {0x11349, 0x1134A},
  {0x1134E, 0x1134F},
  {0x11351, 0x11356},
  {0x11358, 0x1135C},
  {0x11364, 0x11365},
  {0x1136D, 0x1136F},
  {0x11375, 0x113FF},
  {0x1145C, 0x1145C},
  {0x11462, 0x1147F},
  {0x114C8, 0x114CF},
  {0x114DA, 0x1157F},
  {0x115B6, 0x115B7},
  {0x115DE, 0x115FF},
  {0x11645, 0x1164F},
  {0x1165A, 0x1165F},
  {0x1166D, 0x1167F},
  {0x116BA, 0x116BF},
  {0x116CA, 0x116FF},
  {0x1171B, 0x1171C},
  {0x1172C, 0x1172F},
  {0x11747, 0x117FF},
  {0x1183C, 0x1189F},
  {0x118F3, 0x118FE},
  {0x11907, 0x11908},
  {0x1190A, 0x1190B},
  {0x11914, 0x11914},
  {0x11917, 0x11917},
  {0x11936, 0x11936},
  {0x11939, 0x1193A},
  {0x11947, 0x1194F},
  {0x1195A, 0x1199F},
  {0x119A8, 0x119A9},
  {0x119D8, 0x119D9},
  {0x119E5, 0x119FF},
  {0x11A48, 0x11A4F},
  {0x11AA3, 0x11AAF},
  {0x11AF9, 0x11AFF},
  {0x11B0A, 0x11BFF},
  {0x11C09, 0x11C09},
  {0x11C37, 0x11C37},
  {0x11C46, 0x11C4F},
  {0x11C6D, 0x11C6F},
  {0x11C90, 0x11C91},
  {0x11CA8, 0x11CA8},
  {0x11CB7, 0x11CFF},
  {0x11D07, 0x11D07},
  {0x11D0A, 0x11D0A},
  {0x11D37, 0x11D39},
  {0x11D3B, 0x11D3B},
  {0x11D3E, 0x11D3E},
  {0x11D48, 0x11D4F},
  {0x11D5A, 0x11D5F},
  {0x11D66, 0x11D66},
  {0x11D69, 0x11D69},
  {0x11D8F, 0x11D8F},
  {0x11D92, 0x11D92},
  {0x11D99, 0x11D9F},
  {0x11DAA, 0x11EDF},
  {0x11EF9, 0x11EFF},
  {0x11F11, 0x11F11},
  {0x11F3B, 0x11F3D},
  {0x11F5A, 0x11FAF},
  {0x11FB1, 0x11FBF},
  {0x11FF2, 0x11FFE},
  {0x1239A, 0x123FF},
  {0x1246F, 0x1246F},
  {0x12475, 0x1247F},
  {0x12544, 0x12F8F},
  {0x12FF3, 0x12FFF},
  {0x13430, 0x1343F},
  {0x13456, 0x143FF},
  {0x14647, 0x167FF},
  {0x16A39, 0x16A3F},
  {0x16A5F, 0x16A5F},
  {0x16A6A, 0x16A6D},
  {0x16ABF, 0x16ABF},
  {0x16ACA, 0x16ACF},
  {0x16AEE, 0x16AEF},
  {0x16AF6, 0x16AFF},
  {0x16B46, 0x16B4F},
  {0x16B5A, 0x16B5A},
  {0x16B62, 0x16B62},
  {0x16B78, 0x16B7C},
  {0x16B90, 0x16E3F},
  {0x16E9B, 0x16EFF},
  {0x16F4B, 0x16F4E},
  {0x16F88, 0x16F8E},
  {0x16FA0, 0x16FDF},
  {0x16FE5, 0x16FEF},
  {0x16FF2, 0x16FFF},
  {0x187F8, 0x187FF},
  {0x18CD6, 0x18CFF},
  {0x18D09, 0x1AFEF},
  {0x1AFF4, 0x1AFF4},
  {0x1AFFC, 0x1AFFC},
  {0x1AFFF, 0x1AFFF},
  {0x1B123, 0x1B131},
  {0x1B133, 0x1B14F},
  {0x1B153, 0x1B154},
  {0x1B156, 0x1B163},
  {0x1B168, 0x1B16F},
  {0x1B2FC, 0x1BBFF},
  {0x1BC6B, 0x1BC6F},
  {0x1BC7D, 0x1BC7F},
  {0x1BC89, 0x1BC8F},
  {0x1BC9A, 0x1BC9B},
  {0x1BCA0, 0x1CEFF},
  {0x1CF2E, 0x1CF2F},
  {0x1CF47, 0x1CF4F},
  {0x1CFC4, 0x1CFFF},
  {0x1D0F6, 0x1D0FF},
  {0x1D127, 0x1D128},
  {0x1D173, 0x1D17A},
  {0x1D1EB, 0x1D1FF},
  {0x1D246, 0x1D2BF},
  {0x1D2D4, 0x1D2DF},
  {0x1D2F4, 0x1D2FF},
  {0x1D357, 0x1D35F},
  {0x1D379, 0x1D3FF},
  {0x1D455, 0x1D455},
  {0x1D49D, 0x1D49D},
  {0x1D4A0, 0x1D4A1},
  {0x1D4A3, 0x1D4A4},
  {0x1D4A7, 0x1D4A8},
  {0x1D4AD, 0x1D4AD},
  {0x1D4BA, 0x1D4BA},
  {0x1D4BC, 0x1D4BC},
  {0x1D4C4, 0x1D4C4},
  {0x1D506, 0x1D506},
  {0x1D50B, 0x1D50C},
  {0x1D515, 0x1D515},
  {0x1D51D, 0x1D51D},
  {0x1D53A, 0x1D53A},
  {0x1D53F, 0x1D53F},
  {0x1D545, 0x1D545},
  {0x1D547, 0x1D549},
  {0x1D551, 0x1D551},
  {0x1D6A6, 0x1D6A7},
  {0x1D7CC, 0x1D7CD},
  {0x1DA8C, 0x1DA9A},
  {0x1DAA0, 0x1DAA0},
  {0x1DAB0, 0x1DEFF},
  {0x1DF1F, 0x1DF24},
  {0x1DF2B, 0x1DFFF},
  {0x1E007, 0x1E007},
  {0x1E019, 0x1E01A},
  {0x1E022, 0x1E022},
  {0x1E025, 0x1E025},
  {0x1E02B, 0x1E02F},
  {0x1E06E, 0x1E08E},
  {0x1E090, 0x1E0FF},
  {0x1E12D, 0x1E12F},
  {0x1E13E, 0x1E13F},
  {0x1E14A, 0x1E14D},
  {0x1E150, 0x1E28F},
  {0x1E2AF, 0x1E2BF},
  {0x1E2FA, 0x1E2FE},
  {0x1E300, 0x1E4CF},
  {0x1E4FA, 0x1E7DF},
  {0x1E7E7, 0x1E7E7},
  {0x1E7EC, 0x1E7EC},
  {0x1E7EF, 0x1E7EF},
  {0x1E7FF, 0x1E7FF},
  {0x1E8C5, 0x1E8C6},
  {0x1E8D7, 0x1E8FF},
  {0x1E94C, 0x1E94F},
  {0x1E95A, 0x1E95D},
  {0x1E960, 0x1EC70},
  {0x1ECB5, 0x1ED00},
  {0x1ED3E, 0x1EDFF},
  {0x1EE04, 0x1EE04},
  {0x1EE20, 0x1EE20},
  {0x1EE23, 0x1EE23},
  {0x1EE25, 0x1EE26},
  {0x1EE28, 0x1EE28},
  {0x1EE33, 0x1EE33},
  {0x1EE38, 0x1EE38},
  {0x1EE3A, 0x1EE3A},
  {0x1EE3C, 0x1EE41},
  {0x1EE43, 0x1EE46},
  {0x1EE48, 0x1EE48},
  {0x1EE4A, 0x1EE4A},
  {0x1EE4C, 0x1EE4C},
  {0x1EE50, 0x1EE50},
  {0x1EE53, 0x1EE53},
  {0x1EE55, 0x1EE56},
  {0x1EE58, 0x1EE58},
  {0x1EE5A, 0x1EE5A},
  {0x1EE5C, 0x1EE5C},
  {0x1EE5E, 0x1EE5E},
  {0x1EE60, 0x1EE60},
  {0x1EE63, 0x1EE63},
  {0x1EE65, 0x1EE66},
  {0x1EE6B, 0x1EE6B},
  {0x1EE73, 0x1EE73},
  {0x1EE78, 0x1EE78},
  {0x1EE7D, 0x1EE7D},
  {0x1EE7F, 0x1EE7F},
  {0x1EE8A, 0x1EE8A},
  {0x1EE9C, 0x1EEA0},
  {0x1EEA4, 0x1EEA4},
  {0x1EEAA, 0x1EEAA},
  {0x1EEBC, 0x1EEEF},
  {0x1EEF2, 0x1EFFF},
  {0x1F02C, 0x1F02F},
  {0x1F094, 0x1F09F},
  {0x1F0AF, 0x1F0B0},
  {0x1F0C0, 0x1F0C0},
  {0x1F0D0, 0x1F0D0},
  {0x1F0F6, 0x1F0FF},
  {0x1F1AE, 0x1F1E5},
  {0x1F203, 0x1F20F},
  {0x1F23C, 0x1F23F},
  {0x1F249, 0x1F24F},
  {0x1F252, 0x1F25F},
  {0x1F266, 0x1F2FF},
  {0x1F6D8, 0x1F6DB},
  {0x1F6ED, 0x1F6EF},
  {0x1F6FD, 0x1F6FF},
  {0x1F777, 0x1F77A},
  {0x1F7DA, 0x1F7DF},
  {0x1F7EC, 0x1F7EF},
  {0x1F7F1, 0x1F7FF},
  {0x1F80C, 0x1F80F},
  {0x1F848, 0x1F84F},
  {0x1F85A, 0x1F85F},
  {0x1F888, 0x1F88F},
  {0x1F8AE, 0x1F8AF},
  {0x1F8B2, 0x1F8FF},
  {0x1FA54, 0x1FA5F},
  {0x1FA6E, 0x1FA6F},
  {0x1FA7D, 0x1FA7F},
  {0x1FA89, 0x1FA8F},
  {0x1FABE, 0x1FABE},
  {0x1FAC6, 0x1FACD},
  {0x1FADC, 0x1FADF},
  {0x1FAE9, 0x1FAEF},
  {0x1FAF9, 0x1FAFF},
  {0x1FB93, 0x1FB93},
  {0x1FBCB, 0x1FBEF},
  {0x1FBFA, 0x1FFFF},
  {0x2A6E0, 0x2A6FF},
  {0x2B73A, 0x2B73F},
  {0x2B81E, 0x2B81F},
  {0x2CEA2, 0x2CEAF},
  {0x2EBE1, 0x2EBEF},
  {0x2EE5E, 0x2F7FF},
  {0x2FA1E, 0x2FFFF},
  {0x3134B, 0x3134F},
  {0x323B0, 0xE00FF},
  {0xE01F0, 0x10FFFF},
};
static const uint32_t pd_ign_tab[][2] = {
  {0x27, 0x27},
  {0x2E, 0x2E},
  {0x3A, 0x3A},
  {0x5E, 0x5E},
  {0x60, 0x60},
  {0xA8, 0xA8},
  {0xAD, 0xAD},
  {0xAF, 0xAF},
  {0xB4, 0xB4},
  {0xB7, 0xB8},
  {0x2B0, 0x36F},
  {0x374, 0x375},
  {0x37A, 0x37A},
  {0x384, 0x385},
  {0x387, 0x387},
  {0x483, 0x489},
  {0x559, 0x559},
  {0x55F, 0x55F},
  {0x591, 0x5BD},
  {0x5BF, 0x5BF},
  {0x5C1, 0x5C2},
  {0x5C4, 0x5C5},
  {0x5C7, 0x5C7},
  {0x5F4, 0x5F4},
  {0x600, 0x605},
  {0x610, 0x61A},
  {0x61C, 0x61C},
  {0x640, 0x640},
  {0x64B, 0x65F},
  {0x670, 0x670},
  {0x6D6, 0x6DD},
  {0x6DF, 0x6E8},
  {0x6EA, 0x6ED},
  {0x70F, 0x70F},
  {0x711, 0x711},
  {0x730, 0x74A},
  {0x7A6, 0x7B0},
  {0x7EB, 0x7F5},
  {0x7FA, 0x7FA},
  {0x7FD, 0x7FD},
  {0x816, 0x82D},
  {0x859, 0x85B},
  {0x888, 0x888},
  {0x890, 0x891},
  {0x898, 0x89F},
  {0x8C9, 0x902},
  {0x93A, 0x93A},
  {0x93C, 0x93C},
  {0x941, 0x948},
  {0x94D, 0x94D},
  {0x951, 0x957},
  {0x962, 0x963},
  {0x971, 0x971},
  {0x981, 0x981},
  {0x9BC, 0x9BC},
  {0x9C1, 0x9C4},
  {0x9CD, 0x9CD},
  {0x9E2, 0x9E3},
  {0x9FE, 0x9FE},
  {0xA01, 0xA02},
  {0xA3C, 0xA3C},
  {0xA41, 0xA42},
  {0xA47, 0xA48},
  {0xA4B, 0xA4D},
  {0xA51, 0xA51},
  {0xA70, 0xA71},
  {0xA75, 0xA75},
  {0xA81, 0xA82},
  {0xABC, 0xABC},
  {0xAC1, 0xAC5},
  {0xAC7, 0xAC8},
  {0xACD, 0xACD},
  {0xAE2, 0xAE3},
  {0xAFA, 0xAFF},
  {0xB01, 0xB01},
  {0xB3C, 0xB3C},
  {0xB3F, 0xB3F},
  {0xB41, 0xB44},
  {0xB4D, 0xB4D},
  {0xB55, 0xB56},
  {0xB62, 0xB63},
  {0xB82, 0xB82},
  {0xBC0, 0xBC0},
  {0xBCD, 0xBCD},
  {0xC00, 0xC00},
  {0xC04, 0xC04},
  {0xC3C, 0xC3C},
  {0xC3E, 0xC40},
  {0xC46, 0xC48},
  {0xC4A, 0xC4D},
  {0xC55, 0xC56},
  {0xC62, 0xC63},
  {0xC81, 0xC81},
  {0xCBC, 0xCBC},
  {0xCBF, 0xCBF},
  {0xCC6, 0xCC6},
  {0xCCC, 0xCCD},
  {0xCE2, 0xCE3},
  {0xD00, 0xD01},
  {0xD3B, 0xD3C},
  {0xD41, 0xD44},
  {0xD4D, 0xD4D},
  {0xD62, 0xD63},
  {0xD81, 0xD81},
  {0xDCA, 0xDCA},
  {0xDD2, 0xDD4},
  {0xDD6, 0xDD6},
  {0xE31, 0xE31},
  {0xE34, 0xE3A},
  {0xE46, 0xE4E},
  {0xEB1, 0xEB1},
  {0xEB4, 0xEBC},
  {0xEC6, 0xEC6},
  {0xEC8, 0xECE},
  {0xF18, 0xF19},
  {0xF35, 0xF35},
  {0xF37, 0xF37},
  {0xF39, 0xF39},
  {0xF71, 0xF7E},
  {0xF80, 0xF84},
  {0xF86, 0xF87},
  {0xF8D, 0xF97},
  {0xF99, 0xFBC},
  {0xFC6, 0xFC6},
  {0x102D, 0x1030},
  {0x1032, 0x1037},
  {0x1039, 0x103A},
  {0x103D, 0x103E},
  {0x1058, 0x1059},
  {0x105E, 0x1060},
  {0x1071, 0x1074},
  {0x1082, 0x1082},
  {0x1085, 0x1086},
  {0x108D, 0x108D},
  {0x109D, 0x109D},
  {0x10FC, 0x10FC},
  {0x135D, 0x135F},
  {0x1712, 0x1714},
  {0x1732, 0x1733},
  {0x1752, 0x1753},
  {0x1772, 0x1773},
  {0x17B4, 0x17B5},
  {0x17B7, 0x17BD},
  {0x17C6, 0x17C6},
  {0x17C9, 0x17D3},
  {0x17D7, 0x17D7},
  {0x17DD, 0x17DD},
  {0x180B, 0x180F},
  {0x1843, 0x1843},
  {0x1885, 0x1886},
  {0x18A9, 0x18A9},
  {0x1920, 0x1922},
  {0x1927, 0x1928},
  {0x1932, 0x1932},
  {0x1939, 0x193B},
  {0x1A17, 0x1A18},
  {0x1A1B, 0x1A1B},
  {0x1A56, 0x1A56},
  {0x1A58, 0x1A5E},
  {0x1A60, 0x1A60},
  {0x1A62, 0x1A62},
  {0x1A65, 0x1A6C},
  {0x1A73, 0x1A7C},
  {0x1A7F, 0x1A7F},
  {0x1AA7, 0x1AA7},
  {0x1AB0, 0x1ACE},
  {0x1B00, 0x1B03},
  {0x1B34, 0x1B34},
  {0x1B36, 0x1B3A},
  {0x1B3C, 0x1B3C},
  {0x1B42, 0x1B42},
  {0x1B6B, 0x1B73},
  {0x1B80, 0x1B81},
  {0x1BA2, 0x1BA5},
  {0x1BA8, 0x1BA9},
  {0x1BAB, 0x1BAD},
  {0x1BE6, 0x1BE6},
  {0x1BE8, 0x1BE9},
  {0x1BED, 0x1BED},
  {0x1BEF, 0x1BF1},
  {0x1C2C, 0x1C33},
  {0x1C36, 0x1C37},
  {0x1C78, 0x1C7D},
  {0x1CD0, 0x1CD2},
  {0x1CD4, 0x1CE0},
  {0x1CE2, 0x1CE8},
  {0x1CED, 0x1CED},
  {0x1CF4, 0x1CF4},
  {0x1CF8, 0x1CF9},
  {0x1D2C, 0x1D6A},
  {0x1D78, 0x1D78},
  {0x1D9B, 0x1DFF},
  {0x1FBD, 0x1FBD},
  {0x1FBF, 0x1FC1},
  {0x1FCD, 0x1FCF},
  {0x1FDD, 0x1FDF},
  {0x1FED, 0x1FEF},
  {0x1FFD, 0x1FFE},
  {0x200B, 0x200F},
  {0x2018, 0x2019},
  {0x2024, 0x2024},
  {0x2027, 0x2027},
  {0x202A, 0x202E},
  {0x2060, 0x2064},
  {0x2066, 0x206F},
  {0x2071, 0x2071},
  {0x207F, 0x207F},
  {0x2090, 0x209C},
  {0x20D0, 0x20F0},
  {0x2C7C, 0x2C7D},
  {0x2CEF, 0x2CF1},
  {0x2D6F, 0x2D6F},
  {0x2D7F, 0x2D7F},
  {0x2DE0, 0x2DFF},
  {0x2E2F, 0x2E2F},
  {0x3005, 0x3005},
  {0x302A, 0x302D},
  {0x3031, 0x3035},
  {0x303B, 0x303B},
  {0x3099, 0x309E},
  {0x30FC, 0x30FE},
  {0xA015, 0xA015},
  {0xA4F8, 0xA4FD},
  {0xA60C, 0xA60C},
  {0xA66F, 0xA672},
  {0xA674, 0xA67D},
  {0xA67F, 0xA67F},
  {0xA69C, 0xA69F},
  {0xA6F0, 0xA6F1},
  {0xA700, 0xA721},
  {0xA770, 0xA770},
  {0xA788, 0xA78A},
  {0xA7F2, 0xA7F4},
  {0xA7F8, 0xA7F9},
  {0xA802, 0xA802},
  {0xA806, 0xA806},
  {0xA80B, 0xA80B},
  {0xA825, 0xA826},
  {0xA82C, 0xA82C},
  {0xA8C4, 0xA8C5},
  {0xA8E0, 0xA8F1},
  {0xA8FF, 0xA8FF},
  {0xA926, 0xA92D},
  {0xA947, 0xA951},
  {0xA980, 0xA982},
  {0xA9B3, 0xA9B3},
  {0xA9B6, 0xA9B9},
  {0xA9BC, 0xA9BD},
  {0xA9CF, 0xA9CF},
  {0xA9E5, 0xA9E6},
  {0xAA29, 0xAA2E},
  {0xAA31, 0xAA32},
  {0xAA35, 0xAA36},
  {0xAA43, 0xAA43},
  {0xAA4C, 0xAA4C},
  {0xAA70, 0xAA70},
  {0xAA7C, 0xAA7C},
  {0xAAB0, 0xAAB0},
  {0xAAB2, 0xAAB4},
  {0xAAB7, 0xAAB8},
  {0xAABE, 0xAABF},
  {0xAAC1, 0xAAC1},
  {0xAADD, 0xAADD},
  {0xAAEC, 0xAAED},
  {0xAAF3, 0xAAF4},
  {0xAAF6, 0xAAF6},
  {0xAB5B, 0xAB5F},
  {0xAB69, 0xAB6B},
  {0xABE5, 0xABE5},
  {0xABE8, 0xABE8},
  {0xABED, 0xABED},
  {0xFB1E, 0xFB1E},
  {0xFBB2, 0xFBC2},
  {0xFE00, 0xFE0F},
  {0xFE13, 0xFE13},
  {0xFE20, 0xFE2F},
  {0xFE52, 0xFE52},
  {0xFE55, 0xFE55},
  {0xFEFF, 0xFEFF},
  {0xFF07, 0xFF07},
  {0xFF0E, 0xFF0E},
  {0xFF1A, 0xFF1A},
  {0xFF3E, 0xFF3E},
  {0xFF40, 0xFF40},
  {0xFF70, 0xFF70},
  {0xFF9E, 0xFF9F},
  {0xFFE3, 0xFFE3},
  {0xFFF9, 0xFFFB},
  {0x101FD, 0x101FD},
  {0x102E0, 0x102E0},
  {0x10376, 0x1037A},
  {0x10780, 0x10785},
  {0x10787, 0x107B0},
  {0x107B2, 0x107BA},
  {0x10A01, 0x10A03},
  {0x10A05, 0x10A06},
  {0x10A0C, 0x10A0F},
  {0x10A38, 0x10A3A},
  {0x10A3F, 0x10A3F},
  {0x10AE5, 0x10AE6},
  {0x10D24, 0x10D27},
  {0x10EAB, 0x10EAC},
  {0x10EFD, 0x10EFF},
  {0x10F46, 0x10F50},
  {0x10F82, 0x10F85},
  {0x11001, 0x11001},
  {0x11038, 0x11046},
  {0x11070, 0x11070},
  {0x11073, 0x11074},
  {0x1107F, 0x11081},
  {0x110B3, 0x110B6},
  {0x110B9, 0x110BA},
  {0x110BD, 0x110BD},
  {0x110C2, 0x110C2},
  {0x110CD, 0x110CD},
  {0x11100, 0x11102},
  {0x11127, 0x1112B},
  {0x1112D, 0x11134},
  {0x11173, 0x11173},
  {0x11180, 0x11181},
  {0x111B6, 0x111BE},
  {0x111C9, 0x111CC},
  {0x111CF, 0x111CF},
  {0x1122F, 0x11231},
  {0x11234, 0x11234},
  {0x11236, 0x11237},
  {0x1123E, 0x1123E},
  {0x11241, 0x11241},
  {0x112DF, 0x112DF},
  {0x112E3, 0x112EA},
  {0x11300, 0x11301},
  {0x1133B, 0x1133C},
  {0x11340, 0x11340},
  {0x11366, 0x1136C},
  {0x11370, 0x11374},
  {0x11438, 0x1143F},
  {0x11442, 0x11444},
  {0x11446, 0x11446},
  {0x1145E, 0x1145E},
  {0x114B3, 0x114B8},
  {0x114BA, 0x114BA},
  {0x114BF, 0x114C0},
  {0x114C2, 0x114C3},
  {0x115B2, 0x115B5},
  {0x115BC, 0x115BD},
  {0x115BF, 0x115C0},
  {0x115DC, 0x115DD},
  {0x11633, 0x1163A},
  {0x1163D, 0x1163D},
  {0x1163F, 0x11640},
  {0x116AB, 0x116AB},
  {0x116AD, 0x116AD},
  {0x116B0, 0x116B5},
  {0x116B7, 0x116B7},
  {0x1171D, 0x1171F},
  {0x11722, 0x11725},
  {0x11727, 0x1172B},
  {0x1182F, 0x11837},
  {0x11839, 0x1183A},
  {0x1193B, 0x1193C},
  {0x1193E, 0x1193E},
  {0x11943, 0x11943},
  {0x119D4, 0x119D7},
  {0x119DA, 0x119DB},
  {0x119E0, 0x119E0},
  {0x11A01, 0x11A0A},
  {0x11A33, 0x11A38},
  {0x11A3B, 0x11A3E},
  {0x11A47, 0x11A47},
  {0x11A51, 0x11A56},
  {0x11A59, 0x11A5B},
  {0x11A8A, 0x11A96},
  {0x11A98, 0x11A99},
  {0x11C30, 0x11C36},
  {0x11C38, 0x11C3D},
  {0x11C3F, 0x11C3F},
  {0x11C92, 0x11CA7},
  {0x11CAA, 0x11CB0},
  {0x11CB2, 0x11CB3},
  {0x11CB5, 0x11CB6},
  {0x11D31, 0x11D36},
  {0x11D3A, 0x11D3A},
  {0x11D3C, 0x11D3D},
  {0x11D3F, 0x11D45},
  {0x11D47, 0x11D47},
  {0x11D90, 0x11D91},
  {0x11D95, 0x11D95},
  {0x11D97, 0x11D97},
  {0x11EF3, 0x11EF4},
  {0x11F00, 0x11F01},
  {0x11F36, 0x11F3A},
  {0x11F40, 0x11F40},
  {0x11F42, 0x11F42},
  {0x13430, 0x13440},
  {0x13447, 0x13455},
  {0x16AF0, 0x16AF4},
  {0x16B30, 0x16B36},
  {0x16B40, 0x16B43},
  {0x16F4F, 0x16F4F},
  {0x16F8F, 0x16F9F},
  {0x16FE0, 0x16FE1},
  {0x16FE3, 0x16FE4},
  {0x1AFF0, 0x1AFF3},
  {0x1AFF5, 0x1AFFB},
  {0x1AFFD, 0x1AFFE},
  {0x1BC9D, 0x1BC9E},
  {0x1BCA0, 0x1BCA3},
  {0x1CF00, 0x1CF2D},
  {0x1CF30, 0x1CF46},
  {0x1D167, 0x1D169},
  {0x1D173, 0x1D182},
  {0x1D185, 0x1D18B},
  {0x1D1AA, 0x1D1AD},
  {0x1D242, 0x1D244},
  {0x1DA00, 0x1DA36},
  {0x1DA3B, 0x1DA6C},
  {0x1DA75, 0x1DA75},
  {0x1DA84, 0x1DA84},
  {0x1DA9B, 0x1DA9F},
  {0x1DAA1, 0x1DAAF},
  {0x1E000, 0x1E006},
  {0x1E008, 0x1E018},
  {0x1E01B, 0x1E021},
  {0x1E023, 0x1E024},
  {0x1E026, 0x1E02A},
  {0x1E030, 0x1E06D},
  {0x1E08F, 0x1E08F},
  {0x1E130, 0x1E13D},
  {0x1E2AE, 0x1E2AE},
  {0x1E2EC, 0x1E2EF},
  {0x1E4EB, 0x1E4EF},
  {0x1E8D0, 0x1E8D6},
  {0x1E944, 0x1E94B},
  {0x1F3FB, 0x1F3FF},
  {0xE0001, 0xE0001},
  {0xE0020, 0xE007F},
  {0xE0100, 0xE01EF},
};
static const uint32_t pd_cased_tab[][2] = {
  {0x41, 0x5A},
  {0x61, 0x7A},
  {0xAA, 0xAA},
  {0xB5, 0xB5},
  {0xBA, 0xBA},
  {0xC0, 0xD6},
  {0xD8, 0xF6},
  {0xF8, 0x1BA},
  {0x1BC, 0x1BF},
  {0x1C4, 0x293},
  {0x295, 0x2AF},
  {0x370, 0x373},
  {0x376, 0x377},
  {0x37B, 0x37D},
  {0x37F, 0x37F},
  {0x386, 0x386},
  {0x388, 0x38A},
  {0x38C, 0x38C},
  {0x38E, 0x3A1},
  {0x3A3, 0x3F5},
  {0x3F7, 0x481},
  {0x48A, 0x52F},
  {0x531, 0x556},
  {0x560, 0x588},
  {0x10A0, 0x10C5},
  {0x10C7, 0x10C7},
  {0x10CD, 0x10CD},
  {0x10D0, 0x10FA},
  {0x10FD, 0x10FF},
  {0x13A0, 0x13F5},
  {0x13F8, 0x13FD},
  {0x1C80, 0x1C88},
  {0x1C90, 0x1CBA},
  {0x1CBD, 0x1CBF},
  {0x1D00, 0x1D2B},
  {0x1D6B, 0x1D77},
  {0x1D79, 0x1D9A},
  {0x1E00, 0x1F15},
  {0x1F18, 0x1F1D},
  {0x1F20, 0x1F45},
  {0x1F48, 0x1F4D},
  {0x1F50, 0x1F57},
  {0x1F59, 0x1F59},
  {0x1F5B, 0x1F5B},
  {0x1F5D, 0x1F5D},
  {0x1F5F, 0x1F7D},
  {0x1F80, 0x1FB4},
  {0x1FB6, 0x1FBC},
  {0x1FBE, 0x1FBE},
  {0x1FC2, 0x1FC4},
  {0x1FC6, 0x1FCC},
  {0x1FD0, 0x1FD3},
  {0x1FD6, 0x1FDB},
  {0x1FE0, 0x1FEC},
  {0x1FF2, 0x1FF4},
  {0x1FF6, 0x1FFC},
  {0x2102, 0x2102},
  {0x2107, 0x2107},
  {0x210A, 0x2113},
  {0x2115, 0x2115},
  {0x2119, 0x211D},
  {0x2124, 0x2124},
  {0x2126, 0x2126},
  {0x2128, 0x2128},
  {0x212A, 0x212D},
  {0x212F, 0x2134},
  {0x2139, 0x2139},
  {0x213C, 0x213F},
  {0x2145, 0x2149},
  {0x214E, 0x214E},
  {0x2160, 0x217F},
  {0x2183, 0x2184},
  {0x24B6, 0x24E9},
  {0x2C00, 0x2C7B},
  {0x2C7E, 0x2CE4},
  {0x2CEB, 0x2CEE},
  {0x2CF2, 0x2CF3},
  {0x2D00, 0x2D25},
  {0x2D27, 0x2D27},
  {0x2D2D, 0x2D2D},
  {0xA640, 0xA66D},
  {0xA680, 0xA69B},
  {0xA722, 0xA76F},
  {0xA771, 0xA787},
  {0xA78B, 0xA78E},
  {0xA790, 0xA7CA},
  {0xA7D0, 0xA7D1},
  {0xA7D3, 0xA7D3},
  {0xA7D5, 0xA7D9},
  {0xA7F5, 0xA7F6},
  {0xA7FA, 0xA7FA},
  {0xAB30, 0xAB5A},
  {0xAB60, 0xAB68},
  {0xAB70, 0xABBF},
  {0xFB00, 0xFB06},
  {0xFB13, 0xFB17},
  {0xFF21, 0xFF3A},
  {0xFF41, 0xFF5A},
  {0x10400, 0x1044F},
  {0x104B0, 0x104D3},
  {0x104D8, 0x104FB},
  {0x10570, 0x1057A},
  {0x1057C, 0x1058A},
  {0x1058C, 0x10592},
  {0x10594, 0x10595},
  {0x10597, 0x105A1},
  {0x105A3, 0x105B1},
  {0x105B3, 0x105B9},
  {0x105BB, 0x105BC},
  {0x10C80, 0x10CB2},
  {0x10CC0, 0x10CF2},
  {0x118A0, 0x118DF},
  {0x16E40, 0x16E7F},
  {0x1D400, 0x1D454},
  {0x1D456, 0x1D49C},
  {0x1D49E, 0x1D49F},
  {0x1D4A2, 0x1D4A2},
  {0x1D4A5, 0x1D4A6},
  {0x1D4A9, 0x1D4AC},
  {0x1D4AE, 0x1D4B9},
  {0x1D4BB, 0x1D4BB},
  {0x1D4BD, 0x1D4C3},
  {0x1D4C5, 0x1D505},
  {0x1D507, 0x1D50A},
  {0x1D50D, 0x1D514},
  {0x1D516, 0x1D51C},
  {0x1D51E, 0x1D539},
  {0x1D53B, 0x1D53E},
  {0x1D540, 0x1D544},
  {0x1D546, 0x1D546},
  {0x1D54A, 0x1D550},
  {0x1D552, 0x1D6A5},
  {0x1D6A8, 0x1D6C0},
  {0x1D6C2, 0x1D6DA},
  {0x1D6DC, 0x1D6FA},
  {0x1D6FC, 0x1D714},
  {0x1D716, 0x1D734},
  {0x1D736, 0x1D74E},
  {0x1D750, 0x1D76E},
  {0x1D770, 0x1D788},
  {0x1D78A, 0x1D7A8},
  {0x1D7AA, 0x1D7C2},
  {0x1D7C4, 0x1D7CB},
  {0x1DF00, 0x1DF09},
  {0x1DF0B, 0x1DF1E},
  {0x1DF25, 0x1DF2A},
  {0x1E900, 0x1E943},
  {0x1F130, 0x1F149},
  {0x1F150, 0x1F169},
  {0x1F170, 0x1F189},
};
